pays,année,espérance de vie,niveau d’éducation,pib/hab,idh calculé,chômage
Afghanistan,2000,55.005,,,,7.935
Afghanistan,2005,58.247,,7.38337728197978,,7.885
Afghanistan,2010,60.702,,11.0550305527288,,7.753
Afghanistan,2015,62.27,1.91133177280426,-1.66505744749013,0.22314033667857833,9.052
Afghanistan,2020,61.454,4.70253896713257,-5.38251464221077,0.2282597452750573,11.71
Africa Eastern and Southern,2000,52.5573418626777,,0.570580616921674,,7.78831690275508
Africa Eastern and Southern,2005,54.8076807136336,,3.37823479370627,,7.21879262795258
Africa Eastern and Southern,2010,58.827279206282,,2.39303817150265,,7.40306130661224
Africa Eastern and Southern,2015,61.713030523495,,0.264191198988286,,7.03635682492424
Africa Eastern and Southern,2020,63.7664840026943,,-5.45140963984197,,8.19139491127414
Africa Western and Central,2000,50.2979830815751,,1.04967610202327,,4.55111905984559
Africa Western and Central,2005,52.5557531001128,,2.86128070378547,,4.10069950284306
Africa Western and Central,2010,54.603353213388,,4.02945523680948,,3.9915945374515
Africa Western and Central,2015,56.0383356484355,,-0.0153375789659691,,4.16446707837468
Africa Western and Central,2020,57.3644254011107,,-3.34115198448507,,4.85239270055131
Albania,2000,74.826,,7.63002243937019,,19.023
Albania,2005,76.427,7.42999982833862,6.06788243935723,0.31413589686369287,15.966
Albania,2010,78.414,9.98201656341553,4.22308382721044,0.33283236290369284,14.086
Albania,2015,78.358,14.8080072402954,2.51682705417127,0.3486318190061129,17.193
Albania,2020,77.824,15.82174758911132,-2.75693978209092,0.3492724919637044,11.69
Algeria,2000,70.576,,2.35726434985169,,29.77
Algeria,2005,72.836,,3.86890214272142,,15.27
Algeria,2010,74.144,,2.77921908102958,,9.96
Algeria,2015,75.159,3.11999988555908,1.099620617724,0.293266666285197,11.206
Algeria,2020,73.257,3.11999988555908,-6.61247509796932,0.28351282013135076,14.057
American Samoa,2000,71.443,,,,
American Samoa,2005,72.382,,-0.0545952701160815,,
American Samoa,2010,72.587,,0.84468159199173,,
American Samoa,2015,72.654,,4.29662336687659,,
American Samoa,2020,72.672,,5.3517874262504,,
Andorra,2000,81.863,,3.56776571144128,,
Andorra,2005,83.086,28.1100006103516,1.18302768739022,0.41721795075245405,
Andorra,2010,84.197,29.295000076293952,1.88988084312282,0.4268653848696978,
Andorra,2015,84.532,32.4199981689453,3.63079793724701,0.4389999938964843,
Andorra,2020,79.418,32.3249988555908,-12.2238384935431,0.41245768849299497,
Angola,2000,46.501,,-0.302928309232016,,16.682
Angola,2005,52.13,,10.9112436267704,,16.36
Angola,2010,57.242,,0.45432400635525,,16.618
Angola,2015,61.042,3.3380961418151847,-2.63070183214901,0.2215987820111788,16.49
Angola,2020,63.116,3.629932641983032,-8.67207617426551,0.2332074677809691,16.69
Antigua and Barbuda,2000,74.819,,4.43702501420857,,
Antigua and Barbuda,2005,75.364,,5.28093213099213,,
Antigua and Barbuda,2010,76.701,,-9.07937786824402,,
Antigua and Barbuda,2015,76.892,,0.714460625796505,,
Antigua and Barbuda,2020,77.161,,-19.3061079714883,,
Arab World,2000,66.8906998949344,,3.81598510634124,,12.6274870577085
Arab World,2005,68.0405024136348,,3.09285722060918,,11.2407250571004
Arab World,2010,69.8073221012027,,2.76554649473046,,9.57747395203384
Arab World,2015,70.6580123695192,,0.737164114418974,,11.1489135724281
Arab World,2020,70.7265588103862,,-6.69472012524891,,11.3256125416623
Argentina,2000,73.91,,-1.90684139222867,,15.0
Argentina,2005,75.231,12.38000011444095,7.73898107569444,0.3245025644840339,11.506
Argentina,2010,75.68,12.38000011444095,8.96819672899282,0.32680512858659805,7.714
Argentina,2015,76.6,12.38000011444095,1.66091253843923,0.3315230773045467,7.579
Argentina,2020,75.878,12.38000011444095,-10.3361096878518,0.32782051320198263,11.461
Armenia,2000,72.8804878048781,,4.13075887426186,,11.095
Armenia,2005,73.0756097560976,,14.5697018806234,,10.54
Armenia,2010,73.1731707317073,46.4075622558594,2.91158696816194,0.42737480101546615,19.523
Armenia,2015,74.8707317073171,47.3199996948242,3.51599547257022,0.439121700045912,18.261
Armenia,2020,73.3756097560976,43.3199996948242,-7.16866452731679,0.4181210746550427,18.175
Aruba,2000,72.939,16.3999996185303,6.51922376579444,0.32614871667715223,
Aruba,2005,73.415,16.3999996185303,-2.93082349408309,0.328589742318178,
Aruba,2010,74.297,12.8199996948242,-2.95695264975568,0.3211794861622345,
Aruba,2015,75.405,12.8199996948242,-1.63575344980413,0.3268615374442858,
Aruba,2020,75.406,12.8199996948242,-25.7932299902647,0.326866665649414,
Australia,2000,79.2341463414634,,2.73892956618373,,6.288
Australia,2005,80.8414634146341,31.6900005340576,1.90609317064833,0.4176408398039566,5.036
Australia,2010,81.6951219512195,37.4900016784668,0.642043486475501,0.44135191303704063,5.214
Australia,2015,82.4,40.4500007629395,0.729964314626955,0.4548333358764651,6.055
Australia,2020,83.2,46.4500007629395,-1.34397743292375,0.47893589997902913,6.456
Austria,2000,78.1268292682927,,2.94168439137887,,4.687
Austria,2005,79.3317073170732,15.960000038147,1.6256592191997,0.3574651658557371,5.682
Austria,2010,80.5804878048781,17.5200004577637,1.56453361740579,0.3690691697560231,4.883
Austria,2015,81.190243902439,26.9300003051758,0.174259505003675,0.4035627902605296,5.802
Austria,2020,81.1926829268293,30.1284141540527,-6.70639380453616,0.4142366775741721,5.201
Azerbaijan,2000,65.377,,10.1910292674816,,11.78
Azerbaijan,2005,67.71,,26.6600947700296,,7.26
Azerbaijan,2010,70.309,25.2299995422363,3.80649102062563,0.34209487026899277,5.63
Azerbaijan,2015,72.349,25.4099998474121,-0.103121364891479,0.35315640974778395,4.96
Azerbaijan,2020,70.312,25.4279998779297,-4.95270173869491,0.3427702560033554,7.24
"Bahamas, The",2000,72.481,,2.79090551843051,,7.12
"Bahamas, The",2005,73.413,,2.1597593545269,,10.2
"Bahamas, The",2010,73.449,22.8899993896484,0.248837037553542,0.35039743386293054,14.432
"Bahamas, The",2015,73.805,22.8899993896484,0.197897015443019,0.3522230748885717,12.0
"Bahamas, The",2020,72.994,22.6917791366577,-21.6592742577959,0.3474033663529616,12.027
Bahrain,2000,74.673,,2.55964754966556,,1.083
Bahrain,2005,76.125,11.210000038147,-1.04880271267241,0.3251871796143362,1.021
Bahrain,2010,78.593,19.2700004577637,0.0771671482007861,0.36471025793613543,1.13
Bahrain,2015,80.338,19.2700004577637,-1.66329278716239,0.37365897588485336,1.16
Bahrain,2020,78.683,19.2700004577637,-5.17307400932464,0.3651717963976739,1.781
Bangladesh,2000,62.049,,3.38671358983686,,3.27
Bangladesh,2005,65.509,,5.20131368672413,,4.25
Bangladesh,2010,68.009,,4.65046297355514,,3.379
Bangladesh,2015,70.543,8.56999969482422,5.60449539732434,0.2877615374442859,4.396
Bangladesh,2020,71.421,9.323999977111823,2.58647816564581,0.29477743582114196,5.436
Barbados,2000,74.58,,4.62813475507831,,9.35
Barbados,2005,74.96,,3.41073852652032,,9.08
Barbados,2010,75.488,,-2.61559944507529,,10.69
Barbados,2015,76.055,13.9602088928223,-1.07426728994763,0.3339955681042795,9.803
Barbados,2020,76.647,15.26368732452392,-15.2024233113658,0.341376393645849,9.777
Belarus,2000,68.9121951219512,,6.29963636837101,,12.224
Belarus,2005,68.8512195121951,,10.149767237988,,8.728
Belarus,2010,70.4048780487805,51.3800010681152,7.98573282581944,0.4297532243233609,6.045
Belarus,2015,73.6243902439025,51.3800010681152,-3.95725125382182,0.4462635432727045,5.881
Belarus,2020,72.1385609756098,30.7564182281494,-0.25122471747035,0.3698986298661893,4.049
Belgium,2000,77.7219512195122,,3.46547828461277,,6.586
Belgium,2005,78.9804878048781,,1.76045649958832,,8.44
Belgium,2010,80.1829268292683,30.0,1.77618332811934,0.4086303939962477,8.293
Belgium,2015,80.9926829268293,32.060001373291,0.887876406326484,0.41964966061265874,8.482
Belgium,2020,80.6951219512195,37.2799682617188,-5.20244009899054,0.4355235965196755,5.545
Belize,2000,68.911,,8.6327155411516,,10.836
Belize,2005,70.335,,-0.719541027321938,,10.91
Belize,2010,70.875,,-1.29537328094713,,8.416
Belize,2015,71.647,17.1856422424316,0.736857597692236,0.3221418843978489,7.578
Belize,2020,71.58,20.9699993133545,-15.0006803457529,0.3344128182240022,10.784
Benin,2000,56.594,,2.65043149973154,,0.864
Benin,2005,57.738,2.16000008583069,-1.51043339492205,0.20072820541430744,0.86
Benin,2010,58.387,2.16000008583069,-0.888244805144353,0.20405641054251256,1.04
Benin,2015,59.123,3.1399770975112897,-1.18432043750336,0.21109735955580686,1.82
Benin,2020,60.154,4.06566387414932,1.12020264806804,0.2194701616317798,1.502
Bermuda,2000,78.251,27.5599994659424,8.56055025926008,0.39058974180955164,
Bermuda,2005,78.874,27.5599994659424,1.4212811702547,0.3937846136044234,
Bermuda,2010,79.414,37.3600006103516,-2.74767294578886,0.4292205148550181,
Bermuda,2015,80.338,37.3600006103516,0.878744268938576,0.43395897639347963,
Bermuda,2020,81.456,39.0850009918213,-7.24077916474974,0.4454423109983787,
Bhutan,2000,61.842,,0.881596589780571,,1.66
Bhutan,2005,65.875,,5.10597951561267,,3.1
Bhutan,2010,68.765,,10.7124209049514,,3.32
Bhutan,2015,70.797,4.55000019073486,5.58370608551996,0.2756641031998854,2.45
Bhutan,2020,72.253,7.37499999999998,-10.8226112247093,0.2925474358974358,5.03
Bolivia,2000,62.057,,0.762647490787515,,2.447
Bolivia,2005,64.182,14.0799999237061,2.67600659638198,0.2735076920533793,2.603
Bolivia,2010,66.003,19.57750034332275,2.42845713052706,0.301171154990563,2.608
Bolivia,2015,67.205,26.6200008392334,3.27865160981813,0.3308102592077011,3.111
Bolivia,2020,62.906,31.4799995422363,-9.85710687013788,0.32496410103822354,7.903
Bosnia and Herzegovina,2000,75.292,,4.66760700032478,,25.187
Bosnia and Herzegovina,2005,76.424,,5.02565569938795,,30.227
Bosnia and Herzegovina,2010,76.827,9.22999954223633,2.67372248880544,0.3221871779613006,27.312
Bosnia and Herzegovina,2015,77.073,10.5200004577637,5.68705838767913,0.3277487194745969,27.695
Bosnia and Herzegovina,2020,76.04,13.1199998855591,-1.65750889476411,0.33111794833647906,15.868
Botswana,2000,52.263,,-0.163772714868571,,15.88
Botswana,2005,54.386,,2.69660633056192,,19.847
Botswana,2010,59.137,,7.82358090212642,,17.86
Botswana,2015,63.215,,-6.19996453895349,,18.93
Botswana,2020,67.643,29.2049808502197,-10.0331102652959,0.34167301309047593,21.017
Brazil,2000,69.584,,2.96222045087984,,10.889
Brazil,2005,71.832,8.10999965667725,2.07730833836257,0.2928384603940523,10.551
Brazil,2010,73.779,11.3000001907349,6.62782994932327,0.3134564108921933,8.422
Brazil,2015,75.106,13.5600004196167,-4.30639755912077,0.32779487319359407,8.538
Brazil,2020,74.506,15.2950003147125,-3.83550546659214,0.33050128310032373,13.697
British Virgin Islands,2000,74.753,,,,
British Virgin Islands,2005,75.569,,,,
British Virgin Islands,2010,76.289,,,,
British Virgin Islands,2015,76.558,,,,
British Virgin Islands,2020,76.894,,,,
Brunei Darussalam,2000,74.017,,1.25159245571945,,5.459
Brunei Darussalam,2005,74.683,,-1.67695294240518,,5.931
Brunei Darussalam,2010,74.82,,0.808737710775503,,6.455
Brunei Darussalam,2015,74.88,17.207504272460902,-1.68097026753456,0.33879424501076705,7.726
Brunei Darussalam,2020,75.114,20.07493019104,0.065735387685379,0.34955233140603076,7.409
Bulgaria,2000,71.6634146341463,,5.10505578940304,,16.218
Bulgaria,2005,72.5609756097561,,7.86550192097609,,10.083
Bulgaria,2010,73.5121951219512,,2.22607879962553,,10.279
Bulgaria,2015,74.6146341463415,,4.05941078673753,,9.143
Bulgaria,2020,73.3560975609756,25.13441371917725,-2.63305109398775,0.3574023921971324,5.125
Burkina Faso,2000,50.808,,-1.10710660159205,,2.679
Burkina Faso,2005,53.271,,5.29574030906821,,4.0
Burkina Faso,2010,56.343,1.0050000175833695,5.31934915891263,0.18972435903297022,3.723
Burkina Faso,2015,58.778,0.5025000087916848,0.888259827767996,0.20053653849084407,4.461
Burkina Faso,2020,60.454,2.237500015646218,-0.443420002406739,0.21491474364189767,5.04
Burundi,2000,47.617,,-2.89542791949714,,3.129
Burundi,2005,53.053,,-2.77894802793541,,3.153
Burundi,2010,57.088,3.03999996185303,0.316683987792786,0.20032820500104856,1.616
Burundi,2015,60.107,2.194999992847445,-6.0555037727019,0.2129935897197479,1.442
Burundi,2020,62.569,1.9174999892711675,-2.54898078724676,0.22469423073346798,1.03
Cabo Verde,2000,68.117,,12.5710382620585,,13.088
Cabo Verde,2005,70.936,,5.64634152921253,,13.45
Cabo Verde,2010,72.507,,1.10867941118087,,10.67
Cabo Verde,2015,74.096,9.77000045776367,0.922631249857901,0.3099820528079302,11.907
Cabo Verde,2020,73.818,9.77000045776367,-20.8937523404244,0.30855641178228915,14.69
Cambodia,2000,59.491,,8.25832877304479,,0.744
Cambodia,2005,64.113,,11.6637861428805,,1.064
Cambodia,2010,67.311,2.61093783378601,3.45435117133705,0.25132363893313286,0.771
Cambodia,2015,69.398,5.48999977111816,5.652931676093,0.2716230761601374,0.393
Cambodia,2020,70.059,6.2653431892395,-4.96368199399319,0.2775972978102855,0.172
Cameroon,2000,53.338,,1.13442792226186,,7.536
Cameroon,2005,54.904,,-0.550411134631503,,4.4
Cameroon,2010,56.965,1.44000005722046,0.0001364214844272,0.19436410275483743,4.11
Cameroon,2015,59.687,4.291807651519775,2.40123368709621,0.21782910242814282,3.518
Cameroon,2020,61.674,4.291807651519775,-2.43476031121681,0.22801884601788644,3.87
Canada,2000,79.1668292682927,,4.16394850028571,,6.829
Canada,2005,80.1126829268293,40.2799987792969,2.23757658237358,0.4425368314531912,6.758
Canada,2010,81.3221951219512,57.3237533569336,1.95144747592553,0.505551973353631,8.178
Canada,2015,81.8258536585366,60.8823738098145,-0.112369172949158,0.5199969058200823,6.945
Canada,2020,81.5351219512195,65.3256530761719,-6.06240642959015,0.5333169048755448,9.657
Caribbean small states,2000,68.2818780578466,,2.65849364477786,,11.5264333346702
Caribbean small states,2005,69.3722344570221,,2.55363359872199,,11.2916798090981
Caribbean small states,2010,70.6434045515844,,0.246276631539018,,11.6580226907063
Caribbean small states,2015,71.4006810186053,,-0.574585441032767,,11.5050757703248
Caribbean small states,2020,71.6276208799328,,-9.9948238458238,,12.9309999858592
Cayman Islands,2000,74.378,,,,
Cayman Islands,2005,74.863,24.4899997711182,,,
Cayman Islands,2010,76.069,30.69999980926515,-5.37886645271013,0.3898666660308838,
Cayman Islands,2015,78.119,38.1699981689453,0.360803236980843,0.4252794810759715,
Cayman Islands,2020,79.23,38.1699981689453,-6.83262842880404,0.4309769169734074,
Central African Republic,2000,46.609,,-5.13401462675454,,5.362
Central African Republic,2005,48.207,,-1.35012540536219,,5.314
Central African Republic,2010,46.871,,5.47038096593693,,5.291
Central African Republic,2015,51.934,,4.19878078824811,,5.477
Central African Republic,2020,50.596,,-0.744488614542561,,6.196
Central Europe and the Baltics,2000,72.719724722779,,4.54155502743359,,12.1661215560372
Central Europe and the Baltics,2005,73.8449951359211,,5.19589562195716,,12.0310571699923
Central Europe and the Baltics,2010,75.2939657786314,,1.90787449751986,,9.92654756624789
Central Europe and the Baltics,2015,76.5715240168426,,4.26173834127057,,7.81595111887481
Central Europe and the Baltics,2020,76.0074026201527,,-3.10547802373765,,4.35897846633943
Chad,2000,47.937,,-4.24950215726383,,0.79
Chad,2005,48.86,3.22000002861023,12.6968038843229,0.15873333342870077,0.678
Chad,2010,50.107,2.455000042915345,9.6876133788963,0.16257820527125627,0.878
Chad,2015,51.32,2.455000042915345,-0.452267361321589,0.16879871809176908,0.974
Chad,2020,53.082,2.9112203717231777,-4.68177486554433,0.17935534995702598,1.707
Channel Islands,2000,78.8,,,,5.551
Channel Islands,2005,80.1,,,,6.028
Channel Islands,2010,81.2,,-4.28117477450911,,7.225
Channel Islands,2015,81.4,,-0.0726853915386982,,8.178
Channel Islands,2020,80.9,,-9.22341061404704,,6.863
Chile,2000,77.128,,3.72361873198524,,10.491
Chile,2005,78.459,13.1599998474121,4.79182838751575,0.34365640974778394,9.34
Chile,2010,79.095,18.0799999237061,4.79363747526469,0.3633179484636357,8.278
Chile,2015,80.008,19.8099994659424,1.11370445821213,0.37376666488647464,6.313
Chile,2020,79.349,19.1351909637451,-6.98113061984451,0.3681378160329965,10.934
China,2000,72.288,,7.63859767625573,,3.26
China,2005,74.085,,10.741375126566,,4.52
China,2010,75.668,8.8100004196167,10.1028326225249,0.31484359114231214,4.53
China,2015,76.975,8.8100004196167,6.42073647731185,0.3215461552448762,4.65
China,2020,78.019,16.1200008392334,1.99555804192106,0.35126666946411134,5.0
Colombia,2000,70.905,,1.25270223212341,,20.52
Colombia,2005,73.156,15.8800001144409,3.37111077766936,0.3255282055096748,11.062
Colombia,2010,74.876,15.6800003051758,3.31434936742798,0.333682052299304,11.153
Colombia,2015,76.067,19.5200004577637,2.06923227113727,0.3525897451156226,8.572
Colombia,2020,74.757,22.5400009155273,-8.50949477621059,0.3559384645902192,15.983
Comoros,2000,58.941,,8.74001547136929,,4.398
Comoros,2005,60.883,,0.760068972193494,,4.522
Comoros,2010,62.747,,1.73513067660961,,4.248
Comoros,2015,64.473,5.74592638015747,-0.96542434164158,0.24721975460052492,4.121
Comoros,2020,65.756,5.74592638015747,-2.13462936832765,0.25379924178001206,4.471
"Congo, Dem. Rep.",2000,51.887,,-9.84965913371934,,3.234
"Congo, Dem. Rep.",2005,54.001,,2.92453150481742,,2.948
"Congo, Dem. Rep.",2010,56.411,,3.74773143955383,,4.096
"Congo, Dem. Rep.",2015,58.658,6.700358629226685,3.44319363269288,0.2205806826102428,4.439
"Congo, Dem. Rep.",2020,60.428,7.14558172225952,-1.48924362969555,0.23114168266394197,5.345
"Congo, Rep.",2000,55.371,,3.53179165255042,,19.87
"Congo, Rep.",2005,58.73,,3.9415931821321,,19.796
"Congo, Rep.",2010,61.731,,5.47046970435608,,19.345
"Congo, Rep.",2015,63.662,,-1.98214587471384,,19.978
"Congo, Rep.",2020,64.391,,-8.48578578986992,,22.198
Costa Rica,2000,77.317,,1.87355738973982,,5.08
Costa Rica,2005,78.877,,2.48427897192691,,6.749
Costa Rica,2010,79.354,20.0100002288818,4.06134325895124,0.37107948794242657,7.171
Costa Rica,2015,80.407,21.9099998474121,2.55664330007954,0.3828128200041941,8.415
Costa Rica,2020,79.725,22.2900009155273,-4.93444227198336,0.38058205433380893,16.432
Cote d'Ivoire,2000,51.393,,-2.98789209303686,,4.816
Cote d'Ivoire,2005,52.432,,-1.38664840401142,,5.999
Cote d'Ivoire,2010,55.282,,4.5193074547668,,6.618
Cote d'Ivoire,2015,58.281,4.423621773719785,4.14232947521536,0.2110582264252198,2.579
Cote d'Ivoire,2020,60.14,4.824873507022858,-1.81621061689408,0.22192906553623004,2.584
Croatia,2000,72.8078048780488,,3.96576592881786,,16.064
Croatia,2005,75.2446341463415,13.960000038147,4.19285977544972,0.32983914959557464,12.598
Croatia,2010,76.4756097560976,16.7031078338623,-1.11003223418777,0.3452955376826056,11.62
Croatia,2015,77.2756097560976,20.5588092803955,3.55234224272188,0.3622504399402804,16.175
Croatia,2020,77.5243902439024,22.9585609436035,-7.48747462051617,0.3715254095243317,7.507
Cuba,2000,75.922,,5.56315407850497,,5.45
Cuba,2005,77.54,9.35999965667725,10.9666851161532,0.32627692193251395,1.95
Cuba,2010,77.876,9.35999965667725,2.36597236588088,0.3279999988555909,2.5
Cuba,2015,77.745,12.219999790191675,4.53753785531039,0.33686153776217737,2.4
Cuba,2020,77.407,12.219999790191675,-10.7380017373744,0.335128204428844,2.24
Curacao,2000,73.283,,,,
Curacao,2005,73.873,,-1.85843997498654,,
Curacao,2010,75.117,,-1.17626862745298,,
Curacao,2015,76.482,,-0.858779914555939,,
Curacao,2020,76.501,47.973991394043,-17.1256701353318,0.44966202259552795,
Cyprus,2000,77.9,,4.84415598419497,,4.766
Cyprus,2005,79.198,24.8899993896484,3.35377251789228,0.3865461518116485,5.481
Cyprus,2010,80.632,30.8899993896484,-0.35676942021901,0.4138999979654947,6.359
Cyprus,2015,81.464,34.8300018310547,4.00942638614868,0.4313000061035157,15.026
Cyprus,2020,81.23,38.6300010681152,-4.31145651333244,0.4427666702270507,7.755
Czechia,2000,74.9682926829268,,4.30273952141509,,8.764
Czechia,2005,75.9243902439025,,6.22798627961336,,7.927
Czechia,2010,77.4243902439025,15.3299999237061,2.41582950473446,0.3455840522785203,7.281
Czechia,2015,78.5780487804878,19.5300006866455,4.75262406551973,0.36550025244516604,5.048
Czechia,2020,78.2268292682927,21.4751415252686,-5.53491968909772,0.37018292953701176,2.55
Denmark,2000,76.5926829268293,19.7299995422363,3.37790718330611,0.3559855519450405,4.476
Denmark,2005,77.8439024390244,28.243333180745434,2.07801485608299,0.3907798410590202,4.83
Denmark,2010,79.1,30.6900005340576,1.13266937223986,0.4053769248571151,7.746
Denmark,2015,80.7024390243902,34.5099983215332,1.38566634440187,0.426327886837881,6.278
Denmark,2020,81.6024390243903,37.7400016784668,-2.06613834682413,0.4417099493097114,5.637
Djibouti,2000,56.734,,,,26.664
Djibouti,2005,58.548,,,,26.452
Djibouti,2010,60.743,,,,26.371
Djibouti,2015,62.833,,5.67174715674751,,26.07
Djibouti,2020,64.2,7.0643367767334,-0.194323039716195,0.2502144559224447,27.713
Dominica,2000,71.715,,2.87648559525024,,
Dominica,2005,72.016,,0.531386052016927,,
Dominica,2010,71.68,,0.679944456821175,,
Dominica,2015,69.968,,-2.78261702929515,,
Dominica,2020,71.269,,-16.2252224176746,,
Dominican Republic,2000,70.365,,2.97943240580155,,6.432
Dominican Republic,2005,71.043,,8.00310103474897,,6.587
Dominican Republic,2010,72.039,10.789999961853,6.9615996691065,0.30283333320617667,5.212
Dominican Republic,2015,72.982,12.3800001144409,5.70452626441636,0.31296923115070047,7.605
Dominican Republic,2020,72.636,12.8589019775391,-7.6884057209512,0.31279121172000207,6.126
Early-demographic dividend,2000,64.2196098284934,,2.42858718142438,,7.11472249654015
Early-demographic dividend,2005,65.9797864104925,,4.12455078038339,,7.13189877369064
Early-demographic dividend,2010,67.8244434669729,,4.87594920831695,,6.72549254045243
Early-demographic dividend,2015,69.6305484421664,,2.98148606222661,,6.8212583318297
Early-demographic dividend,2020,69.8801308490982,,-5.33398951991092,,7.41080978209993
East Asia & Pacific,2000,71.7028323240299,,4.4085546297968,,3.55420828634153
East Asia & Pacific,2005,73.2984345512681,,5.11466410598369,,4.46538303958669
East Asia & Pacific,2010,74.6299790050688,,6.85649525499889,,4.21713753627349
East Asia & Pacific,2015,75.7926010192992,,3.97934221750727,,4.08251292816983
East Asia & Pacific,2020,76.5434376080231,,-0.541503695195829,,4.28970049892231
East Asia & Pacific (IDA & IBRD countries),2000,70.8650826611101,,6.57292506135232,,3.42896287038122
East Asia & Pacific (IDA & IBRD countries),2005,72.440234089532,,9.09562833858537,,4.50231259783126
East Asia & Pacific (IDA & IBRD countries),2010,73.8065980873171,,9.10107019980512,,4.17562491797747
East Asia & Pacific (IDA & IBRD countries),2015,74.9777768374826,,5.8908311700792,,4.13498800489396
East Asia & Pacific (IDA & IBRD countries),2020,75.73384970547,,0.785707814375925,,4.38272643965065
East Asia & Pacific (excluding high income),2000,70.7357071585237,,6.57788482843856,,3.42330379281354
East Asia & Pacific (excluding high income),2005,72.3983266445825,,9.09917524428063,,4.47985327360327
East Asia & Pacific (excluding high income),2010,73.7616390609634,,9.10567517032111,,4.15545539099385
East Asia & Pacific (excluding high income),2015,74.9511243848739,,5.89454981642908,,4.11636992397966
East Asia & Pacific (excluding high income),2020,75.6976393295064,,0.786745158322205,,4.36073968094378
Ecuador,2000,72.09,,-0.648225387551591,,4.8
Ecuador,2005,73.909,,3.59103374682795,,3.779
Ecuador,2010,75.188,,2.2990259381485,,4.088
Ecuador,2015,76.222,,-1.30274985042635,,3.616
Ecuador,2020,72.004,,-10.3108341005083,,6.127
"Egypt, Arab Rep.",2000,67.332,,4.09609057659976,,8.98
"Egypt, Arab Rep.",2005,68.355,,2.38032461797421,,11.049
"Egypt, Arab Rep.",2010,69.078,14.3295373916626,3.14977851168294,0.2994471759209267,8.757
"Egypt, Arab Rep.",2015,70.135,14.745777130127,2.20415858015615,0.3062551545363208,13.052
"Egypt, Arab Rep.",2020,69.79,16.7489757537842,1.88111975917718,0.31116325251261406,7.974
El Salvador,2000,67.711,,0.626535379070958,,6.96
El Salvador,2005,69.336,,2.66532259162382,,7.22
El Salvador,2010,70.909,6.78000020980835,1.81801613607789,0.28367179557115607,4.893
El Salvador,2015,70.952,9.592500090599064,2.05686593954016,0.29326730799430456,3.998
El Salvador,2020,70.244,9.89000034332275,-8.07562588564387,0.29062820627261426,5.008
Equatorial Guinea,2000,53.395,,12.1516339606444,,7.955
Equatorial Guinea,2005,55.766,,10.9012034435108,,8.008
Equatorial Guinea,2010,58.344,,-13.0151718370352,,8.07
Equatorial Guinea,2015,60.635,,-12.4917142663428,,7.95
Equatorial Guinea,2020,62.141,,-7.35874657366674,,8.781
Eritrea,2000,56.285,,-4.61837133772084,,5.608
Eritrea,2005,60.628,,0.14882340502966,,5.579
Eritrea,2010,63.665,,0.205918877679608,,5.675
Eritrea,2015,65.909,,3.476950928105944,,5.541
Eritrea,2020,66.98,,3.476950928105944,,6.088
Estonia,2000,70.4170731707317,28.1499996185303,9.55641901539039,0.3523824252450072,13.36
Estonia,2005,72.5682926829268,28.1499996185303,10.1516065197979,0.36341432017934094,8.033
Estonia,2010,75.4292682926829,34.0299987792969,2.68365735050553,0.3976859871755174,16.707
Estonia,2015,77.590243902439,37.5999984741211,1.7714214362214,0.4206679123621421,6.412
Estonia,2020,78.5951219512195,39.5,-3.07548259924842,0.4321544715447154,6.956
Eswatini,2000,47.627,,0.721284166440512,,24.502
Eswatini,2005,43.958,,5.42281903751001,,27.204
Eswatini,2010,48.331,,3.18713595507687,,26.736
Eswatini,2015,54.941,,0.777175055021885,,23.285
Eswatini,2020,59.862,12.6465692520142,-3.93372721156238,0.24657574366056015,32.944
Ethiopia,2000,50.88,,2.86806618742258,,3.5
Ethiopia,2005,54.364,,8.55089862654788,,2.497
Ethiopia,2010,59.709,0.5,9.40434487750392,0.20530256410256412,2.3
Ethiopia,2015,63.592,0.9483741124471032,7.46807676647039,0.22670996499020826,2.443
Ethiopia,2020,65.969,0.9483741124471032,3.22311599092373,0.23889970857995188,3.994
Euro area,2000,78.1997793340467,,3.5804844250914,,9.47224221882325
Euro area,2005,79.3740186855952,,1.2524499744823,,9.150301070873
Euro area,2010,80.6968131850917,,1.88616200541117,,10.1759838228201
Euro area,2015,81.5211091943041,,1.84822272971657,,10.8852194826771
Euro area,2020,81.487506689434,,-6.17550813435469,,7.83001752658849
Europe & Central Asia,2000,73.113794854398,,4.25048129842354,,9.68992008060942
Europe & Central Asia,2005,74.1522116626576,,2.42440189093878,,8.71935150265075
Europe & Central Asia,2010,75.9917245223555,,2.26143282741691,,9.11902260665955
Europe & Central Asia,2015,77.3336212065625,,1.63371140862914,,8.57212387627213
Europe & Central Asia,2020,77.1746102388977,,-5.64316578723694,,7.10924397392522
Europe & Central Asia (IDA & IBRD countries),2000,68.3665797465926,,7.42348889198851,,11.0252036761132
Europe & Central Asia (IDA & IBRD countries),2005,69.1399718986537,,6.56384103435201,,9.29208362545358
Europe & Central Asia (IDA & IBRD countries),2010,71.4358973425353,,4.28252619812338,,8.68768383545242
Europe & Central Asia (IDA & IBRD countries),2015,73.3429901858512,,0.971952863952751,,7.64210348176057
Europe & Central Asia (IDA & IBRD countries),2020,73.1551939454689,,-1.74736556595774,,7.23741604434341
Europe & Central Asia (excluding high income),2000,68.8570531913162,,6.33038885675829,,10.7484483274832
Europe & Central Asia (excluding high income),2005,69.9595147691821,,8.00561321682407,,9.57056994537054
Europe & Central Asia (excluding high income),2010,71.9125911481178,,6.21639513316117,,9.55793535586369
Europe & Central Asia (excluding high income),2015,73.7582412903086,,2.65810396924653,,9.01450551916038
Europe & Central Asia (excluding high income),2020,73.5589073374531,,-0.427013657422563,,9.31621048521721
European Union,2000,77.0782450771112,,3.81029305217113,,9.70649119804801
European Union,2005,78.2740057252271,,1.62287806219732,,9.63224855265433
European Union,2010,79.6324834192405,,2.04159279106146,,9.87432248381671
European Union,2015,80.5702186395889,,2.14960043019732,,10.0201862137305
European Union,2020,80.4310201133423,,-5.65081602265187,,7.04821860006322
Faroe Islands,2000,78.3829268292683,,,,
Faroe Islands,2005,79.4414634146342,,,,
Faroe Islands,2010,80.6390243902439,,-0.105466831279102,,
Faroe Islands,2015,81.7926829268293,,-0.0185248219198115,,
Faroe Islands,2020,82.6439024390244,,-3.08925168870519,,
Fiji,2000,66.194,8.57999992370605,-2.76154290467851,0.2654923074379945,4.7
Fiji,2005,65.983,8.57999992370605,-0.214469573875604,0.26441025615594327,3.886
Fiji,2010,66.778,10.445000171661372,2.59506233236995,0.27470384672605075,4.343
Fiji,2015,66.48,13.932584285736093,4.38823163213054,0.2848009219780947,4.291
Fiji,2020,66.924,12.720259189605716,-17.0444705219334,0.28303676140124984,4.649
Finland,2000,77.4658536585366,,5.53441395869262,,11.134
Finland,2005,78.8170731707317,29.5400009155273,2.42615662485386,0.40009268597858694,9.602
Finland,2010,79.8707317073171,32.1300010681152,2.69737646257957,0.41412939693124096,8.394
Finland,2015,81.4804878048781,34.3499984741211,0.136127446131411,0.42978454775926567,9.376
Finland,2020,81.9317073170732,41.926383972168,-2.63099870678219,0.4573531123024739,7.759
Fragile and conflict affected situations,2000,55.5342411286299,,3.08602775850184,,5.88813224341885
Fragile and conflict affected situations,2005,57.1894341976629,,3.30178096784391,,5.17532128815233
Fragile and conflict affected situations,2010,59.3775884246207,,4.40699301385385,,5.13393632566262
Fragile and conflict affected situations,2015,60.7756017597371,,-1.38194169100609,,5.47064138133532
Fragile and conflict affected situations,2020,62.0881829918929,,-7.14346858877308,,6.65180755643263
France,2000,79.0560975609756,,3.42869032877073,,10.218
France,2005,80.1634146341463,20.5400009155273,1.12535367491924,0.37699700117558493,8.882
France,2010,81.6634146341463,24.4300003051758,1.49872462854756,0.3976559735000542,9.279
France,2015,82.3219512195122,30.3899993896484,0.708030577451083,0.42089974780914696,10.354
France,2020,82.1756097560976,33.7359504699707,-7.74056754340876,0.4313024490337362,8.009
French Polynesia,2000,79.0,,1.63790019281311,,11.579
French Polynesia,2005,79.951,,-1.17936718824798,,11.722
French Polynesia,2010,81.141,17.4799995422363,-2.86221244709949,0.3718102548843774,12.145
French Polynesia,2015,82.339,17.4799995422363,1.12397180582391,0.3779538446279671,11.789
French Polynesia,2020,82.459,17.4799995422363,-7.10924836320343,0.3785692292433518,12.951
Gabon,2000,61.81,,-4.3871748201515,,17.789
Gabon,2005,62.978,,-0.262443845603784,,16.91
Gabon,2010,64.715,,3.45835073677657,,20.39
Gabon,2015,66.336,,0.693296575495864,,19.978
Gabon,2020,67.073,,-4.15528083286725,,21.27
"Gambia, The",2000,56.899,,2.65021456237223,,9.787
"Gambia, The",2005,59.11,,-5.03011452953602,,9.963
"Gambia, The",2010,61.167,,2.87350950500529,,9.723
"Gambia, The",2015,62.971,7.5,1.25137248146628,0.24536410256410254,7.26
"Gambia, The",2020,64.418,7.49721884727478,-1.7631871131438,0.2527753448755313,5.892
Georgia,2000,70.091,,3.84018024327052,,10.82
Georgia,2005,70.689,25.8600006103516,10.2895785214873,0.34614359177809506,13.81
Georgia,2010,71.732,0.0,7.02428366897674,0.26529230769230766,20.203
Georgia,2015,73.241,34.6597900390625,3.18839294862944,0.38856340269431094,16.506
Georgia,2020,73.509,33.1648941040039,-6.35478715206467,0.38495477521847454,11.73
Germany,2000,77.9268292682927,,2.73801195248046,,7.917
Germany,2005,78.9317073170732,22.0699996948242,0.942994646293172,0.3757805493267125,11.193
Germany,2010,79.9878048780488,24.2700004577637,4.30644105317714,0.3885297701312575,7.043
Germany,2015,80.6414634146341,25.4300003051758,0.776507656994639,0.39574853134870963,4.612
Germany,2020,81.0414634146342,28.8999996185303,-4.17345320848187,0.40936647777784047,3.881
Ghana,2000,58.139,,1.12706117579829,,10.456
Ghana,2005,59.638,,3.15861099530474,,5.816
Ghana,2010,61.297,3.13000011444092,5.30617508163762,0.22221282089429026,5.384
Ghana,2015,63.175,8.75286960601807,-0.208325820413904,0.2505864884303166,6.806
Ghana,2020,64.309,8.483461380004885,-1.46830801654092,0.2555038456256573,3.313
Gibraltar,2000,80.145,,,,
Gibraltar,2005,80.991,,,,
Gibraltar,2010,82.08,,,,
Gibraltar,2015,82.668,,,,
Gibraltar,2020,83.07,,,,
Greece,2000,77.8878048780488,,3.71272982275654,,11.345
Greece,2005,79.2390243902439,,0.887221046245173,,10.074
Greece,2010,80.3878048780488,20.0300006866455,-5.81520522861373,0.37644771961214546,12.719
Greece,2015,81.0365853658537,23.7099990844727,0.431225508451561,0.39204146036287674,24.981
Greece,2020,81.2878048780488,26.8099994659424,-9.00116452681704,0.4036631001585198,15.899
Greenland,2000,66.0990243902439,,6.91102464537168,,
Greenland,2005,68.2351219512195,,4.94323604415207,,
Greenland,2010,70.0807317073171,,0.69531455570224,,
Greenland,2015,71.4790243902439,,-2.2149188822392,,
Greenland,2020,71.8507317073171,,-0.0647842810666504,,
Grenada,2000,72.955,,4.18122183760816,,
Grenada,2005,73.7,,12.851921344972,,
Grenada,2010,74.731,,-0.807153746059768,,
Grenada,2015,75.037,,5.9402683055354,,
Grenada,2020,75.019,16.3367195129395,-14.0234896211443,0.3366044496585163,
Guam,2000,74.894,,,,15.32
Guam,2005,76.427,,3.29235446239393,,7.0
Guam,2010,76.095,,2.04892665177626,,8.2
Guam,2015,76.444,,1.18092123655293,,6.9
Guam,2020,75.529,,-10.7119946566793,,6.248
Guatemala,2000,67.102,,1.17641998878537,,2.606
Guatemala,2005,68.167,3.61999988555908,1.06472255613932,0.25907692269545335,3.059
Guatemala,2010,69.885,3.42434024810791,0.865525448373077,0.26723498031420584,3.497
Guatemala,2015,70.915,4.121468257904054,2.20204503621608,0.274840791628911,2.506
Guatemala,2020,69.971,4.171438255310059,-3.22007732804485,0.27016633264590534,2.955
Guinea,2000,52.42,,0.512194741763963,,4.599
Guinea,2005,54.422,,0.957366356559277,,4.875
Guinea,2010,56.431,,2.26713039266406,,5.097
Guinea,2015,57.899,,1.2305341257089,,5.224
Guinea,2020,59.35,27.5056381225586,2.06694997562413,0.2934803322034005,6.018
Guinea-Bissau,2000,50.565,,-0.908641384543557,,3.557
Guinea-Bissau,2005,52.949,,4.08995783100083,,3.174
Guinea-Bissau,2010,56.999,,2.91052833964689,,3.137
Guinea-Bissau,2015,60.071,,3.4407197814937,,3.157
Guinea-Bissau,2020,61.343,4.34809851646423,-0.801515193497664,0.22650904633693206,2.89
Guyana,2000,64.075,,-1.40881252207762,,11.93
Guyana,2005,64.392,0.200000002980232,-1.7571567715639,0.2283179487278828,11.08
Guyana,2010,66.204,0.200000002980232,4.53289275994231,0.23761025642019049,11.636
Guyana,2015,67.719,0.200000002980232,0.0833711927134857,0.24537948718942124,13.004
Guyana,2020,67.751,4.000244364142417,43.5123463015091,0.2582110709573978,15.334
Haiti,2000,58.175,,-0.974737113523176,,8.454
Haiti,2005,60.318,,1.35443141019209,,14.587
Haiti,2010,45.577,,-6.7459038549499,,15.252
Haiti,2015,63.224,9.34901332855225,-0.0454395053176881,0.25282491622337927,13.724
Haiti,2020,63.773,9.34901332855225,-4.49816442182016,0.25564030083876393,15.546
Heavily indebted poor countries (HIPC),2000,53.0026707565576,,0.137027270022358,,5.15456136215711
Heavily indebted poor countries (HIPC),2005,55.7773809734173,,2.60428243428609,,4.69477294260221
Heavily indebted poor countries (HIPC),2010,58.7324571528893,,3.20123424277699,,4.78976425103905
Heavily indebted poor countries (HIPC),2015,61.561793936137,,1.75368480890231,,4.42867097391046
Heavily indebted poor countries (HIPC),2020,63.0726319690016,,-2.49768098974752,,5.08466986799381
High income,2000,76.0378022333139,,3.74077203959169,,7.03270805906465
High income,2005,77.1032994353961,,2.44574587023436,,6.78019114019388
High income,2010,78.5916787918867,,2.58952032899471,,8.17861292247106
High income,2015,79.5222473608506,,1.70924840765052,,6.54313754898565
High income,2020,79.2001486815502,,-4.29349726010059,,6.42528049057761
Honduras,2000,68.302,,4.39915151861776,,3.881
Honduras,2005,69.198,,3.50707975469855,,4.909
Honduras,2010,69.77,4.64171838760376,1.5491216313325,0.2707031638561151,4.119
Honduras,2015,71.323,9.67000007629395,1.88202222037501,0.2954282053825183,6.147
Honduras,2020,70.864,9.23688554763793,-10.5484174868395,0.2916306441331521,10.982
"Hong Kong SAR, China",2000,80.8731707317073,,6.71839982842681,,4.92
"Hong Kong SAR, China",2005,81.6090243902439,,6.92003112775592,,5.58
"Hong Kong SAR, China",2010,82.9575609756098,17.2099990844727,5.9864167582579,0.3802259506693182,4.329
"Hong Kong SAR, China",2015,84.2526829268293,21.7299995422363,1.51995320347243,0.4019342698937584,3.314
"Hong Kong SAR, China",2020,85.4963414634146,23.8153190612793,-6.20872349471774,0.41271773020426433,5.808
Hungary,2000,71.2463414634146,,4.75094782312509,,6.563
Hungary,2005,72.6487804878049,14.6899995803833,4.50190325627216,0.3189604113592515,7.189
Hungary,2010,74.2073170731707,18.9899997711182,1.30495875677843,0.34128624063793606,11.172
Hungary,2015,75.5682926829269,21.6700000762939,3.95428261265434,0.3571989370898356,6.813
Hungary,2020,75.419512195122,25.0,-4.28140735132469,0.36753595997498456,4.25
IBRD only,2000,68.2869649318369,,4.59924403303187,,6.55733674014356
IBRD only,2005,69.8265165341661,,6.02613340700395,,6.75346798322029
IBRD only,2010,71.5021795019761,,6.71974603088961,,6.39002749580693
IBRD only,2015,73.0330827642563,,3.35756961210298,,6.31504463155657
IBRD only,2020,73.2956686942805,,-2.00704736763821,,6.97165272530513
IDA & IBRD total,2000,65.6560955297715,,4.15720502001122,,6.15636406177533
IDA & IBRD total,2005,67.2247322339639,,5.62846594064585,,6.24361042096154
IDA & IBRD total,2010,68.9258375211719,,6.24523425983949,,5.90445607325617
IDA & IBRD total,2015,70.3720275867267,,2.99021429250071,,5.90593917178313
IDA & IBRD total,2020,70.7496272014679,,-2.36754773975683,,6.64349161891375
IDA blend,2000,55.7970425108347,,1.12087962502989,,3.83122287611329
IDA blend,2005,57.2135360489995,,3.5887897261387,,3.12690084888815
IDA blend,2010,59.2259583536292,,3.24329782416974,,2.99311166965188
IDA blend,2015,60.3882852747267,,1.66201141909903,,4.0689432554606
IDA blend,2020,60.850816739658,,-3.45185648564207,,6.00035968627457
IDA only,2000,56.7146385624105,,1.66967495467767,,4.7402535311592
IDA only,2005,59.3680000012746,,3.75910495261881,,4.68190923164703
IDA only,2010,61.8849398208478,,4.06949110714659,,4.61400162021072
IDA only,2015,63.7489908333898,,0.862195872267279,,4.64401561911986
IDA only,2020,65.2834587967517,,-2.56804085841536,,5.35492848170194
IDA total,2000,56.4098803099768,,1.43976989056216,,4.43736752604206
IDA total,2005,58.6482754663943,,3.70528037507168,,4.16028760037332
IDA total,2010,60.9876114032048,,3.72185734378544,,4.06419605108702
IDA total,2015,62.6135498458331,,1.22815105221584,,4.44600881534174
IDA total,2020,63.8022749886515,,-3.0281780318318,,5.57685316149891
Iceland,2000,79.6536585365854,,3.55739104440454,,1.936
Iceland,2005,81.5024390243902,28.9200000762939,4.45782885129975,0.41179712345631403,2.547
Iceland,2010,81.8975609756097,30.4715995788574,-2.6928477076311,0.41899538821470256,7.564
Iceland,2015,82.4682926829268,36.2653427124023,3.35414533328364,0.4412346945948118,3.979
Iceland,2020,83.0634146341463,38.7299995422363,-8.43869801113058,0.45250212480307633,5.478
India,2000,62.749,,1.90763005816579,,7.624
India,2005,64.939,,6.17702892486365,,7.552
India,2010,67.162,8.0265474319458,6.93079780415253,0.2686115683628963,7.652
India,2015,69.326,8.94492212931315,6.71566734640226,0.28277025325155664,7.631
India,2020,70.156,8.94492212931315,-6.69047102833747,0.28702666350796696,7.859
Indonesia,2000,66.292,,3.4278636272189,,6.077
Indonesia,2005,67.531,,4.3443558422024,,7.945
Indonesia,2010,68.364,7.36926984786987,4.89326246908787,0.2725847456467458,5.614
Indonesia,2015,69.52,9.25,3.70583428895539,0.2847820512820513,4.514
Indonesia,2020,68.817,11.0299997329712,-2.89423403981894,0.2871102555201604,4.255
"Iran, Islamic Rep.",2000,70.166,,4.29451656438613,,11.696
"Iran, Islamic Rep.",2005,72.446,,0.931246307812401,,11.813
"Iran, Islamic Rep.",2010,74.39,18.5300006866455,4.48194623857125,0.340689745878562,13.679
"Iran, Islamic Rep.",2015,75.907,7.70772266387939,-2.75798228082124,0.31239497298216207,11.166
"Iran, Islamic Rep.",2020,74.141,21.4981384277344,2.5389746580567,0.34930661527193524,9.687
Iraq,2000,64.86,,13.0301611362353,,8.058
Iraq,2005,64.899,,-1.29394759634579,,8.578
Iraq,2010,68.092,,3.01924651269078,,8.267
Iraq,2015,69.977,13.0043253898621,-0.153622231589026,0.29964005899184804,10.842
Iraq,2020,69.651,13.0043253898621,-13.967532268629,0.2979682641200531,15.778
Ireland,2000,76.5365853658537,,7.95480640621878,,4.318
Ireland,2005,78.9439024390244,,3.46094125929241,,4.237
Ireland,2010,80.7439024390244,34.1610641479492,1.13042445364965,0.42537740582149425,14.534
Ireland,2015,81.4536585365854,39.0937576293945,23.4436905533011,0.44545949228559906,9.908
Ireland,2020,82.4560975609756,43.654727935791,6.06078060129495,0.46580343958584486,5.623
Isle of Man,2000,74.842,,4.09055253299996,,
Isle of Man,2005,77.453,,4.93577075888795,,
Isle of Man,2010,79.613,,2.24854803434695,,
Isle of Man,2015,80.267,,-0.0295620129272436,,
Isle of Man,2020,80.591,,-8.95285352180778,,
Israel,2000,78.9536585365854,,5.79332609333709,,11.102
Israel,2005,80.1512195121951,28.2099990844727,2.39441806216236,0.40250112265180693,11.342
Israel,2010,81.6024390243903,43.25,3.72098218830033,0.4600766103814888,8.48
Israel,2015,82.0512195121951,47.0699996948242,0.306334071039814,0.47511138109656836,5.176
Israel,2020,82.6487804878049,36.5067901611328,-3.18721874830878,0.4429650979104678,4.169
Italy,2000,79.7780487804878,,3.83504713847537,,10.834
Italy,2005,80.7829268292683,10.0600004196167,0.268489739689798,0.34524065180522645,7.73
Italy,2010,82.0365853658537,12.1300001144409,1.21729094320378,0.35856966892430914,8.363
Italy,2015,82.5439024390244,14.3500003814697,0.982944211578541,0.3685712958306651,11.896
Italy,2020,82.1951219512195,16.5699996948242,-8.42323992779932,0.3741826756556679,9.164
Jamaica,2000,71.281,,0.181209196854098,,6.762
Jamaica,2005,71.493,,0.336548930834084,,6.577
Jamaica,2010,71.979,12.7672529220581,-1.87206742805603,0.30911648409916803,7.63
Jamaica,2015,72.214,14.991207885742202,0.605132260676996,0.3177347955165766,8.825
Jamaica,2020,71.452,16.959436416626,-10.1579688839566,0.32038786497849686,6.501
Japan,2000,81.0760975609756,,2.59289108650813,,4.748
Japan,2005,81.9551219512195,,1.79433980060388,,4.446
Japan,2010,82.8426829268293,34.4000015258789,4.07922304843274,0.43693684060846455,5.102
Japan,2015,83.7939024390244,34.4000015258789,1.66846511711745,0.4418148893889522,3.385
Japan,2020,84.56,34.4000015258789,-3.86470966963243,0.4457435948298527,2.809
Jordan,2000,71.926,,2.10734677821851,,13.7
Jordan,2005,72.977,1.4099999666214,5.50057037395844,0.27637692296566113,14.8
Jordan,2010,73.797,16.1800003051758,0.137449407888951,0.3298153856326373,12.5
Jordan,2015,75.06,16.1800003051758,-5.58980174753611,0.33629230870956034,13.075
Jordan,2020,75.583,22.6900005340576,-2.86253982856009,0.360674360754551,19.213
Kazakhstan,2000,63.793,,9.47962640033421,,12.75
Kazakhstan,2005,65.356,,8.88963565884097,,8.13
Kazakhstan,2010,68.257,52.3800010681152,5.91730119035698,0.4220717984321789,5.77
Kazakhstan,2015,72.024,52.3800010681152,-0.299093532608879,0.4413897471501276,4.93
Kazakhstan,2020,71.195,63.14500236511231,-3.86406094514987,0.4730218027555025,4.89
Kenya,2000,56.084,,-2.38610693277963,,2.889
Kenya,2005,58.51,,2.70244103195117,,2.745
Kenya,2010,60.915,2.1800000667572,4.96811299885232,0.21708717970970348,2.796
Kenya,2015,62.279,2.1800000667572,2.65589352795405,0.2240820515045753,2.762
Kenya,2020,61.596,3.632249275843304,-2.2103217118529,0.22542031809896482,5.619
Kiribati,2000,64.674,,4.95142602604197,,
Kiribati,2005,65.517,,-0.722370814558559,,
Kiribati,2010,65.859,,-0.857147962518013,,
Kiribati,2015,65.831,2.43932390213013,9.84707770508055,0.24316184890453632,
Kiribati,2020,65.205,4.99810695648193,-2.27952355228955,0.24848086934211924,
"Korea, Dem. People's Rep.",2000,60.911,,,,3.05
"Korea, Dem. People's Rep.",2005,69.168,,,,2.972
"Korea, Dem. People's Rep.",2010,70.246,38.3470840454102,,,2.81
"Korea, Dem. People's Rep.",2015,72.825,42.8458862304688,,,2.896
"Korea, Dem. People's Rep.",2020,72.783,46.4535713195801,,,2.948
"Korea, Rep.",2000,75.909756097561,24.0499992370605,8.15268965958531,0.3668833620597453,4.063
"Korea, Rep.",2005,78.1682926829268,31.5900001525879,4.08764514661904,0.4035989373441484,3.482
"Korea, Rep.",2010,80.1170731707317,35.3199996948242,6.27401988865388,0.4260260152429099,3.324
"Korea, Rep.",2015,82.0243902439024,40.2999992370605,2.26842940068582,0.45240712691277807,3.546
"Korea, Rep.",2020,83.4268292682927,46.4535713195801,-0.846212237799236,0.48011102885138346,3.931
Kosovo,2000,71.321,,,,
Kosovo,2005,73.437,,,,
Kosovo,2010,74.609,,5.28831482675317,,
Kosovo,2015,76.024,,7.36815111994392,,
Kosovo,2020,74.212,,-5.4069546835034,,
Kuwait,2000,76.2258780487805,,1.76596434147542,,0.8
Kuwait,2005,76.8007804878049,13.5100002288818,6.67935670476243,0.3363193878798875,1.456
Kuwait,2010,77.7262195121951,13.164999961853026,-7.27583425210489,0.3399152281405106,1.82
Kuwait,2015,79.3765609756098,15.0200004577637,-3.83270012098829,0.3545618526828524,2.2
Kuwait,2020,78.7609756097561,16.97333335876463,-3.90786290383718,0.35791611432283643,3.557
Kyrgyz Republic,2000,68.5585365853659,14.8699998855591,4.19611667926381,0.29858480262040676,1.858
Kyrgyz Republic,2005,67.9560975609756,14.8699998855591,-1.29558836656463,0.2954953717260975,2.362
Kyrgyz Republic,2010,69.3,16.245000362396247,-1.88093371727501,0.3069705140285003,2.887
Kyrgyz Republic,2015,70.6512195121951,20.6383514404297,1.56807588556794,0.3285443484537149,3.338
Kyrgyz Republic,2020,71.8,21.18601751327515,-9.03157037888498,0.3362610840186095,4.63
Lao PDR,2000,58.317,,4.03726532497247,,2.046
Lao PDR,2005,60.688,,5.50361623488958,,1.35
Lao PDR,2010,63.69,8.42597675323486,6.94116593325336,0.2521378712287316,0.708
Lao PDR,2015,66.688,8.42597675323486,5.71702901311374,0.26751223020309056,2.494
Lao PDR,2020,68.339,7.912129402160644,-0.986715601107164,0.27426607236617645,2.361
Late-demographic dividend,2000,71.2853076953741,,6.14722677959362,,5.28526433408884
Late-demographic dividend,2005,73.0072141557485,,7.05943291832951,,5.62015574834697
Late-demographic dividend,2010,74.7108155307776,,7.42146490264051,,5.23949761950138
Late-demographic dividend,2015,76.0762571079895,,4.01267487902039,,5.10020518821698
Late-demographic dividend,2020,76.6935326569972,,-0.123844865296917,,5.9184077587943
Latin America & Caribbean,2000,70.8691414957334,,2.11742440784037,,9.461823301645
Latin America & Caribbean,2005,72.5638143751286,,2.69093474340829,,8.23794709018145
Latin America & Caribbean,2010,73.4092962258677,,5.23757682844854,,7.21085524188726
Latin America & Caribbean,2015,74.7426282903887,,-0.573009244525224,,6.66835528355285
Latin America & Caribbean,2020,73.1889336743784,,-7.26622071722119,,10.2142816414883
Latin America & Caribbean (excluding high income),2000,70.5104130155746,,2.11075729881829,,9.17880511924025
Latin America & Caribbean (excluding high income),2005,72.2862318644742,,2.72939107840674,,8.04270891726132
Latin America & Caribbean (excluding high income),2010,73.1728609891462,,5.51094682414528,,7.13926726786173
Latin America & Caribbean (excluding high income),2015,74.6061125990368,,-0.693469555449184,,6.69224523331841
Latin America & Caribbean (excluding high income),2020,72.9350521073235,,-7.24218819717075,,10.2741273901423
Latin America & the Caribbean (IDA & IBRD countries),2000,70.7184102333167,,2.05544909062016,,9.54724386782
Latin America & the Caribbean (IDA & IBRD countries),2005,72.4275917225936,,2.75521296895893,,8.34427692112872
Latin America & the Caribbean (IDA & IBRD countries),2010,73.2840381673624,,5.49126008815652,,7.2528256939654
Latin America & the Caribbean (IDA & IBRD countries),2015,74.6505904118153,,-0.649992744599473,,6.71903446791338
Latin America & the Caribbean (IDA & IBRD countries),2020,73.0747493617473,,-7.18836780503192,,10.3522494542699
Latvia,2000,70.3146341463415,,6.86620208801141,,14.211
Latvia,2005,71.3560975609756,19.8799991607666,12.827939652141,0.32963126674601995,10.033
Latvia,2010,73.4829268292683,25.25,-1.6351442864579,0.35843808630394,19.482
Latvia,2015,74.4804878048781,29.7700004577637,4.6364502804693,0.3786204518073051,9.873
Latvia,2020,75.1853658536585,35.8461418151855,-2.78996546437763,0.4024890155565593,8.098
Least developed countries: UN classification,2000,55.4008039613482,,1.88952421010842,,4.69621008348711
Least developed countries: UN classification,2005,58.3085503350914,,4.89762956303143,,4.7933419733345
Least developed countries: UN classification,2010,61.0408922197593,,3.77730245073519,,4.76194435567874
Least developed countries: UN classification,2015,63.3049002618176,,0.266064874765831,,4.83938455097352
Least developed countries: UN classification,2020,64.8323585417323,,-2.47447961888666,,5.63912879862034
Lebanon,2000,73.895,,-0.39180673260141,,8.603
Lebanon,2005,76.074,,1.106879785513,,8.247
Lebanon,2010,77.529,15.3599996566772,6.92562408092621,0.34622051167610346,6.775
Lebanon,2015,78.275,15.3599996566772,-1.48529943559267,0.3500461527017445,9.306
Lebanon,2020,76.299,26.006653785705566,-20.1290983815185,0.3754016664651725,13.284
Lesotho,2000,48.783,,3.84034989034289,,16.227
Lesotho,2005,43.611,,4.42249766024187,,16.086
Lesotho,2010,46.045,1.719999969005585,4.45925951436652,0.1392974357941212,16.113
Lesotho,2015,51.83,1.719999969005585,1.92251059472272,0.16896410246078783,16.254
Lesotho,2020,55.133,3.853585332632062,-9.23727098640387,0.19301451521133764,18.399
Liberia,2000,51.852,,23.9409230680701,,2.231
Liberia,2005,56.765,,0.684612867093762,,2.577
Liberia,2010,59.358,3.01420068740845,3.07117998186455,0.21188323306059229,2.266
Liberia,2015,59.248,4.246859312057495,-2.06002320038729,0.21542799257865317,2.557
Liberia,2020,61.267,4.838337977727255,-4.97470394166794,0.2277534342847319,4.109
Libya,2000,70.542,,1.97930843294741,,19.201
Libya,2005,71.439,,9.53922388994984,,18.639
Libya,2010,72.196,,2.90736772244718,,19.276
Libya,2015,71.644,,-2.43005265175647,,19.676
Libya,2020,72.388,,-30.4001717408883,,19.613
Liechtenstein,2000,76.8268292682927,,1.87954790344263,,
Liechtenstein,2005,80.6682926829268,,3.90506605911179,,
Liechtenstein,2010,81.8414634146342,,2.7254473680911184,,
Liechtenstein,2015,82.6560975609756,,2.7254473680911184,,
Liechtenstein,2020,81.6585365853659,,2.7254473680911184,,
Lithuania,2000,72.0195121951219,,4.14861503166537,,15.931
Lithuania,2005,71.2536585365854,22.6100006103516,9.50010614226299,0.3382059432477638,8.325
Lithuania,2010,73.2682926829268,28.0699996948242,2.55533550346627,0.3667373973567309,17.814
Lithuania,2015,74.3219512195122,29.14249992370605,3.80477687422918,0.3757157752303648,9.12
Lithuania,2020,75.0292682926829,34.140515009562144,0.0160393826553076,0.3960030925584528,8.487
Low & middle income,2000,65.476796647121,,3.87273625638846,,5.82506784093745
Low & middle income,2005,67.1394308654734,,5.7728647216224,,6.05529906477874
Low & middle income,2010,68.8149732450262,,6.65433482283035,,5.7821922404306
Low & middle income,2015,70.2593725511093,,3.35365624110335,,5.86808072014731
Low & middle income,2020,70.6674106202506,,-2.24992102698121,,6.6515900324549
Low income,2000,53.5791507965534,,0.461438737723057,,5.05325296384139
Low income,2005,56.6995861520721,,3.54186169402344,,4.63002983441076
Low income,2010,59.8879438269241,,4.00556508639703,,4.81401913021269
Low income,2015,61.4481491849994,,-3.17781801630363,,4.86329466984677
Low income,2020,63.3694817765636,,-2.46078227691304,,5.68731646365826
Lower middle income,2000,61.7560695013702,,2.1247592507514,,6.1542605439857
Lower middle income,2005,63.6859980924179,,4.80954353859839,,6.05766533511078
Lower middle income,2010,65.5640668530723,,5.0368663941348,,5.81020043210756
Lower middle income,2015,67.3573370061176,,4.3294892976714,,6.14822585838289
Lower middle income,2020,68.045202107109,,-4.88940950270738,,6.66380926217302
Luxembourg,2000,77.8731707317073,,5.51040939515839,,2.345
Luxembourg,2005,79.4317073170732,17.51000022888185,0.926765760747131,0.36314465367100723,4.488
Luxembourg,2010,80.6317073170732,33.1699981689453,1.88354730979161,0.4214984929583981,4.423
Luxembourg,2015,82.2926829268293,34.2799987792969,-0.115476305532894,0.43371631863267845,6.796
Luxembourg,2020,82.1439024390244,42.3064155578613,-2.54734610654114,0.4597080643673552,6.766
"Macao SAR, China",2000,80.1829268292683,,4.96038799193886,,6.874
"Macao SAR, China",2005,81.3414634146341,10.0900001525879,3.78453907398423,0.3482049410964936,4.158
"Macao SAR, China",2010,82.2731707317073,11.335000038147,24.6568017982383,0.3571329269564248,2.84
"Macao SAR, China",2015,83.2243902439024,20.5728521347046,-24.1024682443386,0.3928038160587713,1.81
"Macao SAR, China",2020,84.1292682926829,22.2164263725281,-55.2289114279301,0.4029227971016726,2.566
Madagascar,2000,57.974,,1.19450196549229,,5.8
Madagascar,2005,60.664,,1.7317720668288,,2.62
Madagascar,2010,62.597,,-2.26580252727942,,4.28
Madagascar,2015,63.362,6.07592058181763,0.445748708056158,0.24262229937528954,1.785
Madagascar,2020,62.706,5.3929603099823,-9.49182579621846,0.2369816625717359,3.284
Malawi,2000,46.17,0.490000009536743,-0.830828164408686,0.1358384615702507,5.048
Malawi,2005,52.469,0.490000009536743,0.539880652869314,0.16814102567281478,4.944
Malawi,2010,57.787,0.490000009536743,3.76961752323876,0.19541282054460962,4.798
Malawi,2015,62.324,1.5423208077748611,0.0079251840081582,0.2221872232054034,4.954
Malawi,2020,65.216,2.01100015640259,-1.82835240679078,0.23858025693159834,5.728
Malaysia,2000,72.732,8.32999992370605,6.33603610574379,0.2981871792328663,3.0
Malaysia,2005,74.37,8.32999992370605,2.97037127170485,0.3065871792328663,3.53
Malaysia,2010,75.376,8.32999992370605,5.43424070379723,0.3117461535918407,3.39
Malaysia,2015,75.288,8.32999992370605,3.28578556272301,0.3112948715405586,3.1
Malaysia,2020,76.057,26.4193744659424,-6.7093351308522,0.37553637642493626,4.54
Maldives,2000,70.892,,2.14940804730813,,1.97
Maldives,2005,74.785,,-12.6763726612161,,7.328
Maldives,2010,76.756,1.74000000953674,3.1290155729434,0.29685641028819937,10.881
Maldives,2015,78.607,1.577136039733885,0.441591422807974,0.30580583808116424,6.604
Maldives,2020,78.713,7.022832234700512,-34.8311671109222,0.3245017484746427,5.434
Mali,2000,50.605,,-2.93015569944686,,1.414
Mali,2005,53.792,,3.1020488407828,,1.379
Mali,2010,55.993,,1.94776855338165,,1.405
Mali,2015,57.852,2.95000004768372,2.90119509930054,0.20394615400509955,1.401
Mali,2020,58.858,2.36999988555908,-4.17116857548567,0.2071717944903251,3.528
Malta,2000,78.3487804878049,2.64000010490417,18.911492314105,0.308024515671757,6.324
Malta,2005,79.3,10.789999961853,2.2269576120527,0.34006923064207406,6.923
Malta,2010,81.3975609756098,12.2200002670288,5.67700103090836,0.35559262127783864,6.847
Malta,2015,81.8975609756097,16.4400005340576,7.03607191608818,0.37222339139870325,5.389
Malta,2020,82.0975609756098,25.3400001525879,-5.58563787097273,0.40291569781944575,4.347
Marshall Islands,2000,63.323,,1.43606867628043,,
Marshall Islands,2005,64.112,,1.56552229029398,,
Marshall Islands,2010,64.498,,5.48848970412462,,
Marshall Islands,2015,65.292,,3.96521735177255,,
Marshall Islands,2020,65.387,17.2684707641602,0.18904949035759,0.2903154153677135,
Mauritania,2000,61.044,,-6.55562473849811,,10.033
Mauritania,2005,63.92,,5.96595714778461,,9.626
Mauritania,2010,65.661,,-0.603277391963445,,10.075
Mauritania,2015,66.498,3.579429626464845,2.25580164537985,0.25038271413949825,10.108
Mauritania,2020,66.794,4.017991701761885,-3.22895410596585,0.25336253644177037,11.054
Mauritius,2000,71.6634146341463,2.64000010490417,7.14471594691584,0.2737405882170975,9.138
Mauritius,2005,72.4321951219512,2.64000010490417,1.17669908705346,0.2776830522571226,9.524
Mauritius,2010,72.9673170731707,5.62157392501831,4.12919884822152,0.2903658467919621,7.654
Mauritius,2015,74.3531707317073,13.1679887771606,3.55335696562737,0.3226275048044189,7.41
Mauritius,2020,74.1770731707317,15.8779220581055,-14.5484955921362,0.33075755132564244,8.626
Mexico,2000,72.562,9.02999973297119,3.42140514214798,0.2996487170586219,2.646
Mexico,2005,73.627,12.1099996566772,0.745413251973147,0.3153769219325137,3.558
Mexico,2010,73.718,14.4200000762939,3.47084287436401,0.3235435899979027,5.303
Mexico,2015,74.431,16.2700004577637,1.60971010585429,0.3333666681925456,4.311
Mexico,2020,70.449,18.7700004577637,-9.10287152203078,0.3212794887053662,4.44
"Micronesia, Fed. Sts.",2000,64.317,,4.49332739673332,,
"Micronesia, Fed. Sts.",2005,64.906,,2.51172209749141,,
"Micronesia, Fed. Sts.",2010,64.892,,2.65591372014788,,
"Micronesia, Fed. Sts.",2015,65.306,24.3833770751953,4.31393482562765,0.3136163851224459,
"Micronesia, Fed. Sts.",2020,65.878,24.3833770751953,-2.52118013349089,0.3165497184557792,
Middle East & North Africa,2000,69.0202012073754,,4.28506310620611,,12.0659790449942
Middle East & North Africa,2005,70.6835798645461,,2.67153444084396,,10.925054516174
Middle East & North Africa,2010,72.2396695148759,,3.22085194280481,,9.77181876393191
Middle East & North Africa,2015,72.9644986239119,,0.374376074237802,,10.6419856021044
Middle East & North Africa,2020,72.6473205039178,,-5.07503136805016,,10.6169996140398
Middle East & North Africa (IDA & IBRD countries),2000,68.3686482719396,,4.08593979381568,,13.1062226879005
Middle East & North Africa (IDA & IBRD countries),2005,69.9467032522198,,2.24980571197524,,11.7103847596699
Middle East & North Africa (IDA & IBRD countries),2010,71.4431627765566,,3.3527350915202,,10.7066815425875
Middle East & North Africa (IDA & IBRD countries),2015,71.9379599846375,,-1.28888336783315,,12.2953909899345
Middle East & North Africa (IDA & IBRD countries),2020,71.602007086554,,-4.66529022926026,,11.9610860736542
Middle East & North Africa (excluding high income),2000,68.3882261447424,,3.94819324658533,,13.0877495079356
Middle East & North Africa (excluding high income),2005,69.9682262699466,,2.29494200825539,,11.7714604908044
Middle East & North Africa (excluding high income),2010,71.4632782440894,,3.34848928460829,,10.7944576699063
Middle East & North Africa (excluding high income),2015,71.9672886224676,,-1.26504429870205,,12.4017308339049
Middle East & North Africa (excluding high income),2020,71.6409876742629,,-4.75315140484479,,12.1031227262636
Middle income,2000,66.5091645866536,,4.01917281482567,,5.88304695947759
Middle income,2005,68.1156503679834,,5.92822524071173,,6.16749725806675
Middle income,2010,69.72025184895,,6.8306831357219,,5.86419604967522
Middle income,2015,71.2153829949948,,3.57677642882169,,5.95785948844532
Middle income,2020,71.5286230831394,,-2.08128885739262,,6.74459124688732
Moldova,2000,67.462,,2.31558560482232,,8.539
Moldova,2005,68.197,,7.76188624467986,,5.633
Moldova,2010,69.876,31.6700000762939,7.20697461136707,0.3613410258953387,2.937
Moldova,2015,70.118,33.0699996948242,0.429158887977096,0.36724871693146527,1.742
Moldova,2020,69.914,34.2599983215332,-7.26326976771907,0.3701692251743414,1.186
Monaco,2000,82.121,,3.76615473587731,,
Monaco,2005,84.34,,2.20227083533935,,
Monaco,2010,84.644,,-0.393849531303786,,
Monaco,2015,85.323,,3.11510490897003,,
Monaco,2020,86.089,53.0673828125,-13.1045741376188,0.5102246093749999,
Mongolia,2000,63.2104878048781,,-0.187391049653314,,5.993
Mongolia,2005,65.2807317073171,,6.06987814990435,,7.017
Mongolia,2010,68.5056097560976,,4.52004039651671,,6.549
Mongolia,2015,70.810243902439,29.1100387573242,0.223539088154311,0.357598815870255,4.861
Mongolia,2020,71.3490243902439,34.1500015258789,-6.26542378289111,0.3771616686259753,6.594
Montenegro,2000,73.3968048780488,,3.27911916013552,,30.609
Montenegro,2005,73.9829268292683,15.4399995803833,4.02660484276163,0.3283021874693202,30.31
Montenegro,2010,75.990243902439,15.4399995803833,2.54625315972683,0.3385961211778879,19.649
Montenegro,2015,76.6024390243903,21.7173919677734,3.33238457780671,0.3626602246330411,17.555
Montenegro,2020,75.9317073170732,23.6662845611572,-15.2084745840286,0.36571688349654047,17.878
Morocco,2000,66.794,,1.11923449171742,,13.58
Morocco,2005,68.748,,1.78494971981462,,11.01
Morocco,2010,70.821,,2.07976488720576,,9.09
Morocco,2015,72.894,3.71443510055542,3.10634719191513,0.28363273238646686,9.46
Morocco,2020,73.133,3.71443510055542,-8.13866950405836,0.2848583734121078,11.223
Mozambique,2000,49.476,,-1.43002745719546,,2.833
Mozambique,2005,52.322,,3.88124108732595,,3.037
Mozambique,2010,55.04,1.5,3.86194568743883,0.18469230769230768,3.261
Mozambique,2015,58.711,1.80999994277954,4.32231286612486,0.20455128186054716,3.426
Mozambique,2020,61.39,5.05000019073486,-4.10527399484737,0.22908974422552644,3.921
Myanmar,2000,60.357,,12.482374612359,,0.717
Myanmar,2005,61.72,,12.6841326603106,,0.676
Myanmar,2010,63.479,,8.82058943535873,,0.727
Myanmar,2015,65.288,0.17549841105938,6.13960007816483,0.23283114854968512,0.766
Myanmar,2020,66.612,28.9057941436768,-9.69306034482335,0.33538854458148676,1.476
Namibia,2000,52.946,,1.08624861082079,,20.3
Namibia,2005,52.557,2.29999995231628,1.25193634526472,0.1746256408666953,22.107
Namibia,2010,56.093,8.25161838531494,4.40996877603639,0.21259770231002417,22.12
Namibia,2015,60.008,7.227850794792175,1.53445826192009,0.22926206675187136,20.808
Namibia,2020,64.071,10.464760243892687,-10.7372931134497,0.2608876623514372,21.004
Nauru,2000,59.574,,-6.6821440262764,,
Nauru,2005,59.361,,-0.246574552411531,,
Nauru,2010,60.074,,-0.428390793882855,,
Nauru,2015,60.897,1.8216769695282,0.71043468630802,0.2158004616932991,
Nauru,2020,61.527,1.8216769695282,1.49131173016789,0.21903123092406837,
Nepal,2000,62.642,,4.37721035459148,,10.551
Nepal,2005,65.275,,2.32754534491777,,10.617
Nepal,2010,66.772,,4.16886489216166,,10.554
Nepal,2015,67.374,4.55999994277954,3.4108030002933,0.2581435895528548,10.644
Nepal,2020,69.106,5.189411878585815,-4.23182776858643,0.26912368062092706,12.975
Netherlands,2000,77.9878048780488,,3.47747776991835,,2.725
Netherlands,2005,79.3463414634146,26.1299991607666,1.79582580616002,0.39144020983545075,5.872
Netherlands,2010,80.7024390243902,28.8199996948242,0.80096056386742,0.40736122474885095,4.991
Netherlands,2015,81.509756097561,30.9599990844727,1.66898775580411,0.41863464360240127,6.872
Netherlands,2020,81.3585365853659,36.7200012207031,-4.40052542748734,0.4370591660452457,3.82
New Caledonia,2000,73.574,,0.0082048320171566,,17.984
New Caledonia,2005,74.867,,0.0082048320171566,,15.769
New Caledonia,2010,75.992,,0.0082048320171566,,13.95
New Caledonia,2015,77.206,0.0,0.0082048320171566,0.29336410256410256,13.637
New Caledonia,2020,77.049,0.0,-2.59576600480919,0.2925589743589744,13.558
New Zealand,2000,78.6365853658537,,2.26793181431869,,6.13
New Zealand,2005,79.8512195121951,24.6599998474121,2.19317700017744,0.3891293303231434,3.807
New Zealand,2010,80.9048780487805,27.4449996948242,0.323080777115536,0.40381604025854473,6.557
New Zealand,2015,81.6124390243903,30.25,1.64333157642101,0.41679455909943747,5.415
New Zealand,2020,82.2560975609756,36.6399993896484,-2.59630156645085,0.4413953700730619,4.595
Nicaragua,2000,66.36,,2.67944162568968,,7.162
Nicaragua,2005,70.374,,2.93169257880047,,5.37
Nicaragua,2010,71.761,,2.93836201444593,,7.83
Nicaragua,2015,72.899,9.3018627166748,3.3783263360869,0.30228313213250574,4.7
Nicaragua,2020,70.766,9.3018627166748,-2.97718223200967,0.29134467059404423,6.201
Niger,2000,49.172,,-4.57504226731116,,1.431
Niger,2005,53.32,,3.50589535528762,,3.1
Niger,2010,57.08,,4.60766589552573,,0.722
Niger,2015,58.85,1.403420090675357,0.604320140159473,0.2039088361996871,0.553
Niger,2020,59.89,1.3704967498779288,0.189464640804786,0.20913242506369564,0.594
Nigeria,2000,47.143,,2.24461411109782,,3.963
Nigeria,2005,49.538,,3.53183710668013,,3.734
Nigeria,2010,51.315,17.3500003814697,5.02853779310237,0.21842307819464257,3.746
Nigeria,2015,51.939,17.3500003814697,0.0819795778254502,0.22162307819464258,4.135
Nigeria,2020,53.072,15.845999081929534,-3.86420100251684,0.2224199969397651,5.742
North America,2000,76.8850332429286,,3.02774826641586,,4.27316817166147
North America,2005,77.7462382909607,,2.50962272202241,,5.25750859640354
North America,2010,78.8169956868836,,1.84699612351584,,9.47756352715347
North America,2015,79.0045714171547,,2.0050304866903,,5.46118094681104
North America,2020,77.449874465938,,-3.34028558779283,,8.23062385811362
North Macedonia,2000,72.9463414634147,,4.07405080631071,,32.2
North Macedonia,2005,73.6975609756098,,5.29102012277241,,37.32
North Macedonia,2010,74.9975609756098,14.9238538742065,4.02171749784563,0.3317849538145847,33.135
North Macedonia,2015,75.4024390243902,18.147481918335,4.13429050530651,0.3446066783143998,26.395
North Macedonia,2020,74.3951219512195,21.9599990844727,-3.65436823824773,0.35214934028782946,16.575
Northern Mariana Islands,2000,74.9,,,,
Northern Mariana Islands,2005,77.307,,-10.4852551650988,,
Northern Mariana Islands,2010,77.8,,3.70912591649699,,
Northern Mariana Islands,2015,77.36,,4.71604040189382,,
Northern Mariana Islands,2020,78.03,,-28.1627780007682,,
Norway,2000,78.6341463414634,,2.65053090696199,,3.458
Norway,2005,80.0414634146342,27.5799999237061,1.98813846102195,0.399838273666888,4.381
Norway,2010,80.9975609756098,31.1800003051758,-0.460631256132487,0.41674133935371316,3.527
Norway,2015,82.3048780487805,36.5200004577637,0.848799124216399,0.44124552998116356,4.296
Norway,2020,83.209756097561,42.6541557312012,-1.85769610859076,0.46633311447611164,4.424
Not classified,2000,,,,,
Not classified,2005,,,,,
Not classified,2010,,,,,
Not classified,2015,,,,,
Not classified,2020,,,,,
OECD members,2000,76.8195165967813,,3.36459765703725,,6.71539711222802
OECD members,2005,77.9535395887757,,2.11825242050109,,6.82968364557043
OECD members,2010,79.0460669603912,,2.26977943113313,,8.51487821300464
OECD members,2015,79.7638209842211,,1.89435972931963,,6.85865110620312
OECD members,2020,78.9574582347209,,-4.42511439002602,,7.14864258016648
Oman,2000,73.643,,4.83264880749192,,4.331
Oman,2005,75.07,9.32999992370605,0.482138133458704,0.3135102561559432,4.626
Oman,2010,77.184,11.679999828338625,-0.232906393185388,0.3321846148124108,3.935
Oman,2015,79.346,11.679999828338625,0.438450329868957,0.34327179429959026,3.401
Oman,2020,77.763,23.1200008392334,-1.91104857604375,0.37328718228462415,2.94
Other small states,2000,66.9421080313107,,6.5848176147591,,10.2914019994802
Other small states,2005,68.2273072903403,,3.24164803346025,,9.56012689913527
Other small states,2010,70.4651071944113,,1.34317331502582,,9.78556236852925
Other small states,2015,72.406535856779,,1.79696371438884,,8.78523372997352
Other small states,2020,73.1628849294383,,-6.69782532865618,,8.82670669777015
Pacific island small states,2000,66.8914832838297,,-2.87532234027368,,4.41758167634957
Pacific island small states,2005,67.2332794133166,,1.27131304461183,,3.84431242747139
Pacific island small states,2010,67.9059171883101,,2.51619920797492,,3.50620034965321
Pacific island small states,2015,68.1166096033138,,2.36735271886145,,3.38209145071285
Pacific island small states,2020,68.3568108792759,,-11.0741289875413,,3.1793712771022
Pakistan,2000,61.903,,1.35619796881565,,0.634
Pakistan,2005,62.416,,4.7286345998931,,0.585
Pakistan,2010,64.378,,-0.97547471765489,,0.653
Pakistan,2015,65.641,8.06536197662354,2.76648640710329,0.2609409501784888,3.566
Pakistan,2020,65.701,12.123320102691672,-3.03889328268374,0.27477516957307474,6.127
Palau,2000,64.499,,-4.01064999263363,,
Palau,2005,66.219,,3.41918592682451,,
Palau,2010,68.347,,0.790323076393491,,
Palau,2015,69.07,40.32977104187015,7.86510973550961,0.3860735957805928,
Palau,2020,68.689,30.6633911132812,-5.96772602229385,0.35189848319811673,
Panama,2000,73.443,10.4499998092651,2.18230222607616,0.30889999936421697,6.264
Panama,2005,75.16,10.4499998092651,6.25411779537141,0.31770512756934516,6.002
Panama,2010,76.417,21.3600006103516,4.19797204867427,0.3605179507524541,5.845
Panama,2015,77.583,18.344891548156752,3.46107387568399,0.35644707439129175,4.335
Panama,2020,76.33,16.6326961517334,-18.9421660019842,0.34431411537757284,14.663
Papua New Guinea,2000,61.609,,-5.80069881814661,,2.92
Papua New Guinea,2005,61.868,,2.96266985795965,,2.387
Papua New Guinea,2010,63.056,,6.85231014831385,,2.002
Papua New Guinea,2015,64.473,,3.8989789371627,,2.503
Papua New Guinea,2020,65.075,,-5.20688760233854,,2.883
Paraguay,2000,70.026,,-4.18580870385856,,7.61
Paraguay,2005,71.317,4.51000022888184,1.01015474976116,0.27819743666037533,4.825
Paraguay,2010,72.551,7.436000108718863,9.80314731436218,0.2942789747213706,4.569
Paraguay,2015,73.454,14.5200004577637,1.46452366992229,0.3225230784489559,4.556
Paraguay,2020,72.72,15.9300003051758,-2.15166731600608,0.323458975376227,7.548
Peru,2000,69.821,,1.10433498225969,,4.958
Peru,2005,71.988,16.0599994659424,5.34332345958555,0.32013845975826954,4.87
Peru,2010,72.886,20.8700008392334,7.6277436246787,0.34077692587436775,3.6
Peru,2015,75.732,20.8799991607666,2.09361990664132,0.35540512540768354,3.272
Peru,2020,73.832,21.39499950408935,-11.989123385761,0.34737820347516957,7.179
Philippines,2000,67.789,8.60999965667725,1.92827954905808,0.2737717937273857,3.767
Philippines,2005,68.423,8.60999965667725,3.00922096669444,0.27702307577866775,3.795
Philippines,2010,68.883,26.7900009155273,5.15869430746605,0.33998205433380896,3.605
Philippines,2015,69.45,26.690000534057603,4.78725055611426,0.34255641203660225,3.068
Philippines,2020,70.097,34.0,-10.5488615067566,0.3702410256410256,2.522
Poland,2000,73.7487804878049,,5.75502267661936,,14.928
Poland,2005,74.9951219512195,12.3699998855591,3.30621477152089,0.32325959936837395,17.592
Poland,2010,76.2463414634146,20.3099994659424,3.46400853867873,0.35614277495526747,9.578
Poland,2015,77.4512195121951,24.4595260620117,4.50138467634895,0.3761533920641164,7.475
Poland,2020,76.4,28.2399997711182,-1.86392007240133,0.38336410180116326,3.155
Portugal,2000,76.3146341463415,7.28000020980835,3.08905355221012,0.31305966298829196,3.806
Portugal,2005,78.0707317073171,10.4499998092651,0.595038260611574,0.33263195683763797,7.582
Portugal,2010,79.0268292682927,12.6599998474121,1.69092744982416,0.34490168804672083,10.771
Portugal,2015,81.1243902439025,18.1800003051758,2.01139580079771,0.374058412524445,12.447
Portugal,2020,81.3292682926829,22.5499992370605,-8.30107126608704,0.38967573229113955,6.801
Post-demographic dividend,2000,77.3513756471437,,3.5208451747535,,6.53497084664272
Post-demographic dividend,2005,78.4104374723369,,2.27589283198357,,6.40566833882108
Post-demographic dividend,2010,79.6774063636487,,2.4177252585055,,8.34468296803351
Post-demographic dividend,2015,80.441644254144,,1.79087071659505,,6.88732464298699
Post-demographic dividend,2020,80.0635835800272,,-4.43176522371171,,6.72608805636322
Pre-demographic dividend,2000,51.7515478288284,,2.64133076621056,,5.14246869302464
Pre-demographic dividend,2005,54.3659843800477,,2.89798237660868,,4.94170598396397
Pre-demographic dividend,2010,57.1219983597813,,3.47965331971021,,5.09948599044902
Pre-demographic dividend,2015,58.93626650033,,0.092992114364904,,4.93719170079883
Pre-demographic dividend,2020,60.501207001444,,-5.12748027902691,,5.96007768628016
Puerto Rico,2000,75.514,25.3299999237061,2.98675151003449,0.3691205125661998,10.08
Puerto Rico,2005,76.703,20.7800006866455,-1.84546036881626,0.3600512843401004,11.35
Puerto Rico,2010,78.717,20.97749996185305,0.09210207177928,0.37103782038566396,16.1
Puerto Rico,2015,80.677,27.772499402364115,0.706860914000828,0.40373910057198303,12.0
Puerto Rico,2020,80.009,27.02625004450481,-6.74641129088297,0.3978259616868109,8.89
Qatar,2000,75.25,,2.58659735173823,,0.87
Qatar,2005,76.909,,0.710908911730286,,0.87
Qatar,2010,79.444,,19.0058466072559,,0.45
Qatar,2015,81.785,17.8108100891113,-3.86137428276561,0.37621552080985815,0.17
Qatar,2020,80.409,27.9772491455078,-8.92450818476308,0.4030472407414363,0.14
Romania,2000,71.1634146341463,,2.59392818072139,,6.969
Romania,2005,71.9121951219512,8.97999954223633,5.3165061122384,0.29614971704822984,7.174
Romania,2010,73.4585365853659,11.8500003814697,-3.33335291355054,0.31364634273498054,6.959
Romania,2015,74.9121951219512,14.460000038147,3.64306941096366,0.3298010007525474,6.812
Romania,2020,74.2536585365854,15.4899997711182,-3.14239791281243,0.3298572225016012,5.035
Russian Federation,2000,65.4836585365854,,10.4637091559227,,10.581
Russian Federation,2005,65.529756097561,54.7599983215332,6.80660765259209,0.416019256443885,7.124
Russian Federation,2010,68.8412195121951,60.0999984741211,4.45309639834757,0.45080112061730154,7.407
Russian Federation,2015,71.1834146341463,49.5508232116699,-2.2762114110788,0.4276484601114448,5.615
Russian Federation,2020,71.3387804878049,47.9516792297363,-2.52680431743222,0.42311472813914613,5.62
Rwanda,2000,47.798,,7.49987106581409,,11.731
Rwanda,2005,56.968,,6.50669742325816,,11.854
Rwanda,2010,62.804,,4.65979796365141,,11.673
Rwanda,2015,65.419,3.46999990940094,6.28259221925458,0.2444846150826185,11.838
Rwanda,2020,66.953,7.45935869216919,-5.51636902603423,0.2656491443585127,11.829
Samoa,2000,70.791,,4.27745070826087,,4.734
Samoa,2005,71.487,,6.22343288364944,,5.212
Samoa,2010,71.451,,5.29451664588825,,5.621
Samoa,2015,71.06,7.15040159225464,2.95226941311462,0.285680825820336,8.9
Samoa,2020,70.727,10.34242272377012,-4.09773045959912,0.2946132039510286,7.435
San Marino,2000,80.504,,0.883025780040143,,
San Marino,2005,81.926,,1.12402388406122,,
San Marino,2010,83.464,,-6.05328650752219,,
San Marino,2015,84.596,,1.53901918424206,,
San Marino,2020,82.65,18.1900005340576,-6.93518932061002,0.38191538639557665,
Sao Tome and Principe,2000,61.207,,-0.65084592250922,,14.4
Sao Tome and Principe,2005,62.434,,4.01981821374629,,16.47
Sao Tome and Principe,2010,63.867,,-0.755150615358019,,14.626
Sao Tome and Principe,2015,66.023,,-0.246825905363622,,10.594
Sao Tome and Principe,2020,67.979,,0.716646434339125,,9.686
Saudi Arabia,2000,72.607,12.039999961853,0.150535875063397,0.30991282038566387,4.57
Saudi Arabia,2005,74.4,15.7699999809265,1.35662079564891,0.3315410255774473,6.051
Saudi Arabia,2010,75.616,15.7699999809265,6.0871811469132,0.3377769230133447,5.55
Saudi Arabia,2015,77.776,20.3050000667572,-0.773491431905967,0.3639705130430368,5.6
Saudi Arabia,2020,77.596,37.9199981689453,-8.13075233111495,0.4217640964605869,7.66
Senegal,2000,57.615,,1.41335705319622,,2.668
Senegal,2005,60.98,,1.8985497213755,,2.703
Senegal,2010,64.221,0.800000011920929,0.952269607225944,0.2294410256807621,2.803
Senegal,2015,66.451,2.6800000866254194,3.15103873013858,0.24714359003234113,6.757
Senegal,2020,67.496,3.3550001482168845,-1.29147593329481,0.2547525645966204,3.437
Serbia,2000,71.5829268292683,,6.39450654843546,,12.6
Serbia,2005,72.8341463414634,13.1999998092651,6.22214347727881,0.3149443395768498,20.85
Serbia,2010,74.3365853658537,15.7200002670288,2.02027692991339,0.3310491566124226,19.204
Serbia,2015,75.2878048780488,19.9599990844727,1.81545253787564,0.35006053478439,17.66
Serbia,2020,74.4780487804878,22.0595359802246,-0.288042264925664,0.3529063957314553,9.011
Seychelles,2000,72.7780487804878,,3.32671456371403,,
Seychelles,2005,72.1317073170732,7.69999980926514,8.5018972132326,0.29300875483638733,
Seychelles,2010,73.1975609756098,7.69999980926514,1.62737013590673,0.298474671034011,
Seychelles,2015,74.2951219512195,34.4520378112793,6.51232550996488,0.39327664886436436,
Seychelles,2020,77.2365853658537,38.7550888061523,-12.4901374474458,0.4227045799479625,
Sierra Leone,2000,44.834,,4.10749786467078,,4.08
Sierra Leone,2005,48.306,,1.58434568932242,,3.716
Sierra Leone,2010,51.927,,3.77447921517256,,4.413
Sierra Leone,2015,55.454,17.13498878479,-22.3130452717399,0.2389320138980179,4.606
Sierra Leone,2020,59.694,9.52205753326414,-3.50677788869559,0.2352991661365215,3.508
Singapore,2000,77.9512195121951,13.4099998474121,7.16598820156491,0.3418857405795537,3.7
Singapore,2005,79.990243902439,29.1299991607666,4.87209326850753,0.40474227362531945,5.59
Singapore,2010,81.5414634146342,36.9700012207031,12.5085215498552,0.43883058568251904,4.12
Singapore,2015,82.7439024390244,42.939998626709,1.76232468638902,0.46489693100710383,3.79
Singapore,2020,83.5439024390244,48.3199996948242,-3.56949598146913,0.4869328320033852,4.1
Sint Maarten (Dutch part),2000,74.409,,,,
Sint Maarten (Dutch part),2005,74.681,,,,
Sint Maarten (Dutch part),2010,74.821,,2.2746924085417,,
Sint Maarten (Dutch part),2015,75.899,,-2.02875877780978,,
Sint Maarten (Dutch part),2020,75.002,,-14.6336937315718,,
Slovak Republic,2000,73.0512195121951,,0.925762908727918,,18.546
Slovak Republic,2005,73.9048780487805,11.8199996948242,6.47448727865007,0.3158352710277756,16.276
Slovak Republic,2010,75.1121951219512,0.0,6.69110899435172,0.2826266416510318,14.387
Slovak Republic,2015,76.5634146341463,19.2000007629395,5.07697332221291,0.35406879553875376,11.492
Slovak Republic,2020,76.8658536585366,23.8291244506836,-2.66902860343937,0.3710501771870817,6.719
Slovenia,2000,75.4121951219512,,3.19193822219124,,6.92
Slovenia,2005,77.6121951219512,18.1299991607666,3.6743978877749,0.3558804850074333,6.506
Slovenia,2010,79.4219512195122,21.2399997711182,0.672168132881581,0.37552795420891805,7.236
Slovenia,2015,80.7756097560976,26.1299991607666,2.31634742751979,0.3987697908235686,8.962
Slovenia,2020,80.5317073170732,30.9513244628906,-4.72524690259519,0.4135900934253953,4.971
Small states,2000,67.1691160525217,,5.1628162450704,,9.7615148817054
Small states,2005,68.2885074568683,,3.02122656610169,,9.14616678684381
Small states,2010,70.1591568060533,,1.18453612963275,,9.32842003022439
Small states,2015,71.6782198099892,,1.39179255650537,,8.57328851446373
Small states,2020,72.2829532662199,,-7.44176795959942,,8.76921579076571
Solomon Islands,2000,67.116,,-16.2171420100004,,2.45
Solomon Islands,2005,67.79,,5.47572393377686,,1.885
Solomon Islands,2010,68.669,,6.65633575453435,,1.617
Solomon Islands,2015,69.323,16.0089797973633,-1.90278931036538,0.3063017275296725,0.735
Solomon Islands,2020,69.258,16.0089797973633,-5.50313424418144,0.3059683941963392,0.864
Somalia,2000,50.747,,2.90945170861406,,18.98
Somalia,2005,50.894,,3.45521790900658,,18.997
Somalia,2010,48.9,,4.0791048970918,,19.031
Somalia,2015,55.056,,6.72219286460667,,18.597
Somalia,2020,57.095,,-6.37473582032182,,19.413
South Africa,2000,58.368,,3.25127058182207,,22.714
South Africa,2005,53.914,4.19000005722046,4.21638584977106,0.18788461557535022,22.461
South Africa,2010,58.886,6.19000005722046,1.82804672464107,0.22004871813945281,24.683
South Africa,2015,64.053,7.82000017166138,-0.694265293924985,0.25197948775169177,25.149
South Africa,2020,65.15,13.7931442260742,-7.67873309598839,0.2775156089587089,29.217
South Asia,2000,62.5936893511612,,2.08666349716371,,6.65606873614265
South Asia,2005,64.7149306051818,,5.80750507814945,,6.66134422417235
South Asia,2010,66.8856930675297,,5.7433416512102,,6.5289507030534
South Asia,2015,68.9038741569933,,5.95654918268178,,6.90755040475197
South Asia,2020,69.6005740994618,,-5.64374887865418,,7.50644145337956
South Asia (IDA & IBRD),2000,62.5936893511612,,2.08666349716371,,6.65606873614265
South Asia (IDA & IBRD),2005,64.7149306051818,,5.80750507814945,,6.66134422417235
South Asia (IDA & IBRD),2010,66.8856930675297,,5.7433416512102,,6.5289507030534
South Asia (IDA & IBRD),2015,68.9038741569933,,5.95654918268178,,6.90755040475197
South Asia (IDA & IBRD),2020,69.6005740994618,,-5.64374887865418,,7.50644145337956
South Sudan,2000,47.591,,,,12.325
South Sudan,2005,53.965,,,,12.266
South Sudan,2010,57.485,10.25,0.0553052206663267,0.2263974358974359,12.503
South Sudan,2015,39.757,10.25,-9.76929494253935,0.13548461538461537,12.485
South Sudan,2020,57.648,10.25,-9.76929494253935,0.22723333333333337,14.319
Spain,2000,78.9658536585366,,4.73130026005487,,13.785
Spain,2005,80.1707317073171,23.2999992370605,1.81657725981398,0.3862345190328535,9.146
Spain,2010,81.6268292682927,25.6700000762939,-0.365660084975488,0.40160168880966013,19.86
Spain,2015,82.8317073170732,29.2900009155273,4.14163766960375,0.4198472200623895,22.057
Spain,2020,82.2317073170732,33.439998626709,-11.3740694030146,0.43060362268940544,15.532
Sri Lanka,2000,71.179,,4.0862744786218,,7.74
Sri Lanka,2005,73.073,35.2999992370605,5.56425373682754,0.38983589489276566,7.67
Sri Lanka,2010,74.463,2.74387383460999,7.38142864786508,0.2884436820128025,4.784
Sri Lanka,2015,75.99,3.7846667766571,3.25185230711378,0.2997437610503954,4.519
Sri Lanka,2020,76.928,4.82000017166138,-5.12926234516283,0.30800512877733277,5.364
St. Kitts and Nevis,2000,69.249,,8.46930909930006,,
St. Kitts and Nevis,2005,71.151,,9.44452895015881,,
St. Kitts and Nevis,2010,71.452,,0.0951505914335229,,
St. Kitts and Nevis,2015,71.211,,0.69841246781877,,
St. Kitts and Nevis,2020,71.181,,-15.2063626838725,,
St. Lucia,2000,70.779,,-1.15852753925388,,16.49
St. Lucia,2005,72.544,,-1.13924471405971,,18.7
St. Lucia,2010,72.768,4.44999980926514,-0.278750187807233,0.28543846090267866,17.12
St. Lucia,2015,72.932,7.34499979019167,-0.338038220824785,0.29592948648012607,20.858
St. Lucia,2020,72.308,16.4975547790527,-24.6110924015334,0.3232380031096629,25.224
St. Martin (French part),2000,76.793,,,,
St. Martin (French part),2005,77.802,,,,
St. Martin (French part),2010,78.752,,,,
St. Martin (French part),2015,79.829,,1.21892477722176,,
St. Martin (French part),2020,80.085,,-5.67034471115365,,
St. Vincent and the Grenadines,2000,70.35,,1.47880127546429,,20.794
St. Vincent and the Grenadines,2005,70.454,,2.83945191097459,,19.449
St. Vincent and the Grenadines,2010,70.66,,-3.99351095016873,,19.966
St. Vincent and the Grenadines,2015,70.463,,3.3357071712289,,19.141
St. Vincent and the Grenadines,2020,69.605,,-3.14312946057163,,20.636
Sub-Saharan Africa,2000,51.6452445598305,,0.764921629650757,,6.43551093234137
Sub-Saharan Africa,2005,53.8932697449503,,3.15835480937511,,5.92348756573701
Sub-Saharan Africa,2010,57.1070604462139,,3.11484044508244,,5.98391462400052
Sub-Saharan Africa,2015,59.398721466191,,0.134959614399094,,5.85502520009926
Sub-Saharan Africa,2020,61.1675270829902,,-4.49971632940975,,6.803309525677
Sub-Saharan Africa (IDA & IBRD countries),2000,51.6452445598305,,0.764921629650786,,6.43551093234137
Sub-Saharan Africa (IDA & IBRD countries),2005,53.8932697449503,,3.15835480937511,,5.92348756573701
Sub-Saharan Africa (IDA & IBRD countries),2010,57.1070604462138,,3.11484044508241,,5.98391462400052
Sub-Saharan Africa (IDA & IBRD countries),2015,59.398721466191,,0.134959614399037,,5.85502520009926
Sub-Saharan Africa (IDA & IBRD countries),2020,61.1675270829902,,-4.49971632940974,,6.803309525677
Sub-Saharan Africa (excluding high income),2000,51.6427270637514,,0.763814346727628,,6.43551093234137
Sub-Saharan Africa (excluding high income),2005,53.8913312702728,,3.15554604287682,,5.92348756573701
Sub-Saharan Africa (excluding high income),2010,57.1054457787062,,3.11603654136303,,5.98391462400052
Sub-Saharan Africa (excluding high income),2015,59.3973640098273,,0.13014938051974,,5.85502520009926
Sub-Saharan Africa (excluding high income),2020,61.1661735295458,,-4.48998252357723,,6.803309525677
Sudan,2000,58.946,,3.37132975440942,,15.608
Sudan,2005,57.226,,2.75337218040758,,15.546
Sudan,2010,62.979,,0.758886048751407,,15.161
Sudan,2015,64.375,10.0484247207642,-1.14810293147822,0.26105885163331655,14.347
Sudan,2020,65.124,10.0484247207642,-6.18595807947966,0.2648998772743422,11.958
Suriname,2000,64.409,,0.016412852428175,,12.983
Suriname,2005,66.997,3.91000008583069,3.41538457225288,0.25404359002969207,9.263
Suriname,2010,69.626,3.91000008583069,3.95347703289852,0.26752564131174333,7.15
Suriname,2015,70.567,6.545000195503235,-4.45160318607753,0.2811346160362928,7.22
Suriname,2020,72.321,8.513429701328267,-16.8738740468232,0.2966909195172481,8.76
Sweden,2000,79.6439024390244,,4.46323888990298,,5.466
Sweden,2005,80.5463414634146,27.3500003814697,2.38288399867879,0.4016607267249739,7.81
Sweden,2010,81.4512195121951,28.6399993896484,4.85301684998541,0.4106011236690592,8.61
Sweden,2015,82.2048780487805,31.6499996185303,3.31186785391841,0.4244993733375651,7.432
Sweden,2020,82.3560975609756,42.7141342163086,-2.71099578243886,0.4621553066747497,8.291
Switzerland,2000,79.6804878048781,,3.37615729497902,,2.658
Switzerland,2005,81.2365853658537,,2.09358660743027,,4.437
Switzerland,2010,82.2463414634147,31.0,2.17363816396787,0.42254534083802403,4.808
Switzerland,2015,82.8975609756098,36.9500007629395,0.494129822392765,0.4457182639565153,4.801
Switzerland,2020,83.0,40.4104690551758,-2.85415832226442,0.4577784865941757,4.817
Syrian Arab Republic,2000,70.856,,-1.80421522520456,,9.587
Syrian Arab Republic,2005,72.797,5.30000019073486,3.52095168365396,0.28842051345629566,8.809
Syrian Arab Republic,2010,73.542,5.815000057220457,2.82697106833621,0.2939576924984272,8.61
Syrian Arab Republic,2015,63.265,5.815000057220457,0.0084650386573628,0.24125512839586305,14.243
Syrian Arab Republic,2020,71.944,5.815000057220457,-3.98011071488936,0.28576282070355535,15.191
Tajikistan,2000,63.542,19.8199996948242,7.00808967496647,0.2893589733417217,4.15
Tajikistan,2005,66.531,19.8199996948242,4.63258511919481,0.3046871784699268,3.375
Tajikistan,2010,68.37,19.8199996948242,4.24657467143167,0.31411794770069607,11.542
Tajikistan,2015,69.665,19.8199996948242,3.34193519398252,0.3207589733417217,11.485
Tajikistan,2020,68.605,21.35540135701497,2.05116680370303,0.32044108144646016,12.321
Tanzania,2000,53.244,,1.59942658531416,,3.127
Tanzania,2005,57.675,0.930000007152557,4.54018649750061,0.19630512822897003,3.194
Tanzania,2010,61.127,0.481108099222183,3.67041498018565,0.21251138597176625,3.029
Tanzania,2015,63.928,1.2055540233850466,2.77038211960942,0.22929030828307836,2.159
Tanzania,2020,66.771,2.45767259597778,-0.998987836780785,0.24804352403787466,2.781
Thailand,2000,71.205,,3.28023479514871,,2.389
Thailand,2005,72.894,12.9899997711182,3.29537578511341,0.31455128128834275,1.35
Thailand,2010,75.012,11.9499998092651,6.79479928649167,0.32194615321037084,0.622
Thailand,2015,76.563,14.4787693023682,2.65971785318402,0.338329231007894,0.597
Thailand,2020,77.331,16.1507606506348,-6.20637326420599,0.3478409970405776,1.099
Timor-Leste,2000,58.097,,77.089568536025,,3.477
Timor-Leste,2005,61.272,,0.89548190695325,,3.563
Timor-Leste,2010,63.66,5.3600001335144,6.7211928053722,0.24176410300915052,3.301
Timor-Leste,2015,65.326,11.1638116836548,0.504814158346647,0.2696537312532083,3.678
Timor-Leste,2020,66.919,9.61989831924439,29.2315955694561,0.27267658414107104,2.782
Togo,2000,54.577,,-3.48137743099034,,4.174
Togo,2005,55.916,,-7.08238240739422,,4.157
Togo,2010,57.227,2.63000011444092,3.01287149732366,0.1996743593558287,2.383
Togo,2015,59.22,14.2980508804321,2.84282083821965,0.24878837472964546,2.204
Togo,2020,61.123,7.427969376246124,-0.438936506619754,0.23564707740799987,2.225
Tonga,2000,69.635,7.88000011444092,3.11647302179392,0.28080512858659795,4.12
Tonga,2005,70.56,7.88000011444092,-1.22171964910284,0.2855487183301877,2.571
Tonga,2010,71.319,10.00500011444091,0.639458142364575,0.2965243593558287,1.513
Tonga,2015,71.851,8.1175000667572,1.6036112932528,0.2929608976584214,2.024
Tonga,2020,72.379,8.19188916683197,1.7496930940647,0.29591655363302966,2.699
Trinidad and Tobago,2000,68.629,,6.49101487437005,,12.1
Trinidad and Tobago,2005,70.185,,10.3839653520046,,7.95
Trinidad and Tobago,2010,71.809,10.0164422988892,2.72667409792857,0.2990753204834768,4.033
Trinidad and Tobago,2015,72.882,18.9731769561768,-1.09534448461349,0.3344336667769996,2.428
Trinidad and Tobago,2020,72.645,19.0767154693604,-9.26015688200572,0.3335634105388936,4.206
Tunisia,2000,72.604,,3.54145974209786,,14.94
Tunisia,2005,73.712,,2.58534081098441,,12.872
Tunisia,2010,74.438,12.5006351470947,1.86835635362381,0.3208380145928798,13.049
Tunisia,2015,74.875,14.0937633514404,-0.165531727684183,0.32838946758172444,15.159
Tunisia,2020,75.004,14.80456256866455,-9.76402965912095,0.3314203367673434,17.656
Turkiye,2000,71.931,,5.57007462431342,,6.495
Turkiye,2005,73.51,7.92999982833862,7.83376891389118,0.30084358917138515,10.636
Turkiye,2010,74.964,11.5299997329712,6.79208232586733,0.320299999109904,11.879
Turkiye,2015,76.539,17.3899993896484,4.6785959933809,0.34791025437575107,10.304
Turkiye,2020,76.525,19.6952571868896,0.876219397794188,0.3555226521614269,13.148
Turkmenistan,2000,64.931,12.6599998474121,3.38607015598539,0.2726153841067583,11.666
Turkmenistan,2005,66.275,12.6599998474121,10.9273057666726,0.279507691799066,7.485
Turkmenistan,2010,68.608,12.6599998474121,6.98701634742274,0.29147179436316856,4.0
Turkmenistan,2015,69.061,12.6599998474121,4.09291832714018,0.2937948712862455,4.016
Turkmenistan,2020,68.846,12.6599998474121,3.67579761156229,0.2926923071836814,4.501
Turks and Caicos Islands,2000,73.972,,,,
Turks and Caicos Islands,2005,75.954,,,,
Turks and Caicos Islands,2010,76.784,,,,
Turks and Caicos Islands,2015,77.321,,6.58612037655617,,
Turks and Caicos Islands,2020,77.499,,-28.795387742915,,
Tuvalu,2000,63.536,,-1.46854206811803,,
Tuvalu,2005,64.096,,-5.84062514622619,,
Tuvalu,2010,64.834,,-3.63168142704605,,
Tuvalu,2015,65.365,,10.6281735534677,,
Tuvalu,2020,66.357,11.61244201660155,-2.59958228889671,0.27643634518354365,
Uganda,2000,49.64,,-0.0506112736721605,,3.529
Uganda,2005,54.926,4.80999994277954,3.25713954596638,0.19514102545029077,1.9
Uganda,2010,59.959,8.1899995803833,2.57308463341826,0.2322179473192264,3.619
Uganda,2015,63.831,7.716408252716063,2.00429943099081,0.2504957198167459,2.679
Uganda,2020,66.41,8.908330122629785,-0.423922683361482,0.2676944337420993,3.831
Ukraine,2000,67.786,,6.79706549402465,,11.707
Ukraine,2005,67.517,38.1399993896484,3.92453428899148,0.37081025437575105,7.18
Ukraine,2010,70.188,38.1399993896484,4.46782513515676,0.384507690273187,8.1
Ukraine,2015,72.686,38.1399993896484,-9.27686663817931,0.3973179466834435,9.14
Ukraine,2020,73.283,47.2131156921387,-3.08458576352871,0.43062320615328287,9.475
United Arab Emirates,2000,76.347,,3.63193280286309,,2.25
United Arab Emirates,2005,80.779,17.9599990844727,-0.445687772577458,0.37155384310208844,3.12
United Arab Emirates,2010,81.886,17.9599990844727,-0.804617482938653,0.3772307661790115,2.811
United Arab Emirates,2015,82.076,17.9599990844727,1.1896069228373,0.3782051251533705,1.793
United Arab Emirates,2020,81.936,41.405999755859405,-4.50466762810275,0.45564051200671085,4.294
United Kingdom,2000,77.7414634146342,,3.96948583485668,,5.558
United Kingdom,2005,79.0487804878049,,2.02970275372165,,4.835
United Kingdom,2010,80.4024390243902,33.7000007629395,1.43505260821166,0.4220894334374404,7.924
United Kingdom,2015,80.9560975609756,39.7894134521484,1.41610805149031,0.4452267502813953,5.517
United Kingdom,2020,80.331756097561,47.2400016784668,-10.6244160168382,0.4668602932746893,4.472
United States,2000,76.6365853658537,,2.92586254490257,,3.992
United States,2005,77.4878048780488,36.2299995422363,2.53411070718666,0.4155759209256534,5.084
United States,2010,78.5414634146342,39.1399993896484,1.8467404584986,0.4306792975277213,9.633
United States,2015,78.690243902439,42.3400001525879,2.19043056582386,0.442108943598057,5.28
United States,2020,76.9804878048781,48.0900001525879,-3.10649046252769,0.45250763027723195,8.055
Upper middle income,2000,70.7714018932394,,4.88884958309961,,5.69537021784595
Upper middle income,2005,72.2900746309676,,6.57457260909638,,6.24660024027657
Upper middle income,2010,73.8271598051993,,7.66105829742203,,5.9042652915291
Upper middle income,2015,75.1719708158529,,3.65809955252665,,5.80943885452003
Upper middle income,2020,75.2293474558881,,-1.03585859298109,,6.81216964139814
Uruguay,2000,74.693,10.210000038147,-2.29597374962009,0.3145102565374131,12.627
Uruguay,2005,75.829,10.065000057220477,7.37434772026329,0.319852564293299,12.009
Uruguay,2010,76.691,9.40999984741211,7.52764617823019,0.3220897430811173,7.158
Uruguay,2015,77.285,12.4200000762939,0.0225745559950212,0.33516923102354373,7.488
Uruguay,2020,78.381,12.971999931335418,-7.42815529772055,0.3426297433608616,10.413
Uzbekistan,2000,65.456,,2.53200282225691,,12.317
Uzbekistan,2005,67.481,,5.62058695275762,,7.092
Uzbekistan,2010,69.836,,5.90590026943735,,5.36
Uzbekistan,2015,71.33,55.2999992370605,5.38345590919292,0.4475641000209709,5.15
Uzbekistan,2020,71.461,17.5299472808838,-0.316556159764588,0.3223357217055101,5.293
Vanuatu,2000,68.586,,3.5178018108289,,8.283
Vanuatu,2005,69.166,,2.78261536346285,,8.126
Vanuatu,2010,69.57,2.93270325660706,-1.08593808514806,0.2639808057271517,4.685
Vanuatu,2015,70.163,2.93270325660706,-1.84409789929654,0.26702183136817736,5.254
Vanuatu,2020,70.385,4.63765525817871,-7.17743078607894,0.2738434662452111,4.046
"Venezuela, RB",2000,72.388,,1.74180263726988,,13.99
"Venezuela, RB",2005,73.075,23.1900005340576,8.48531169784638,0.34947948895967923,10.663
"Venezuela, RB",2010,73.092,16.1540002822876,-2.77023251504841,0.32611333427429195,7.112
"Venezuela, RB",2015,73.004,29.7800006866455,-0.0930040334755547,0.37108205357086965,6.137
"Venezuela, RB",2020,72.369,31.42720476786293,-0.0930040334755547,0.37331632358518413,7.53
Viet Nam,2000,72.746,,5.58792950410756,,2.26
Viet Nam,2005,73.198,,6.55339711441117,,2.078
Viet Nam,2010,73.611,7.87626791000366,5.21227683604808,0.30118243149488405,1.114
Viet Nam,2015,73.955,10.4668636322021,5.66896478541561,0.3115818531329813,1.848
Viet Nam,2020,75.383,13.6809120178223,1.91581434772165,0.32961842467479224,2.103
Virgin Islands (U.S.),2000,76.619512195122,,,,10.546
Virgin Islands (U.S.),2005,77.4219512195122,,3.49771355206596,,10.878
Virgin Islands (U.S.),2010,77.8658536585366,,0.640017045957947,,11.742
Virgin Islands (U.S.),2015,79.0170731707317,,-0.26792231561096,,12.422
Virgin Islands (U.S.),2020,79.819512195122,,-1.26412494613658,,15.191
West Bank and Gaza,2000,70.298,,-10.8625929085069,,10.625
West Bank and Gaza,2005,72.004,17.7299995422363,8.4829084168252,0.32578717796130047,20.016
West Bank and Gaza,2010,73.302,21.9899997711182,3.06565425625401,0.34664358898065045,21.416
West Bank and Gaza,2015,74.577,23.4899997711182,1.37258508832343,0.35818205051911195,23.005
West Bank and Gaza,2020,74.998,28.8500003814697,-13.4963869730477,0.378207693579258,25.895
World,2000,67.6497257226022,,3.11671842976544,,6.12304074094227
World,2005,69.1102257723181,,2.70723162014961,,6.22712811677286
World,2010,70.6809035076169,,3.25524662261446,,6.28633469019007
World,2015,71.9645771379818,,1.91531207099899,,6.00655926883703
World,2020,72.1827671974507,,-3.85801307045926,,6.60880501698705
"Yemen, Rep.",2000,62.761,,2.96401092010485,,11.557
"Yemen, Rep.",2005,65.356,,2.37203185301995,,12.215
"Yemen, Rep.",2010,67.223,,4.37449720251448,,12.779
"Yemen, Rep.",2015,66.761,4.98842000961304,-30.150755102621,0.2564280666987101,17.9
"Yemen, Rep.",2020,66.435,4.98842000961304,-13.07030792054232,0.25475627182691524,17.953
Zambia,2000,46.577,,1.01793976595019,,12.93
Zambia,2005,51.615,,3.75264386154687,,15.9
Zambia,2010,56.896,,6.54512358380669,,13.19
Zambia,2015,60.728,5.42241239547729,-0.241301067013211,0.2269362464464628,5.942
Zambia,2020,63.361,13.6972255706787,-5.56773502453288,0.2680215211330315,6.033
Zimbabwe,2000,46.034,,-3.94444306922291,,5.684
Zimbabwe,2005,46.57,1.53999996185303,-6.59884774971475,0.141389743462587,4.622
Zimbabwe,2010,51.925,1.53999996185303,19.5083439013594,0.16885128192412546,5.447
Zimbabwe,2015,58.989,8.091052889823915,0.665692987603222,0.22691376604300276,5.377
Zimbabwe,2020,61.53,12.424653967221587,-9.33397149289216,0.25438987219843096,8.621
